im1 , im2 , sum
   0,    1,   5
   2,    3,   5
   4,    5,  11
   6,    7,   4
   8,    9,   5
  10,   11,   8
  12,   13,   9
  14,   15,   8
  16,   17,  10
  18,   19,  15
  20,   21,   4
  22,   23,  10
  24,   25,   3
  26,   27,   7
  28,   29,   9
  30,   31,  11
  32,   33,  15
  34,   35,   5
  36,   37,   6
  38,   39,  13
  40,   41,   9
  42,   43,  16
  44,   45,  12
  46,   47,  13
  48,   49,  12
  50,   51,   3
  52,   53,  11
  54,   55,  17
  56,   57,   9
  58,   59,   5
  60,   61,   8
  62,   63,   6
  64,   65,   9
  66,   67,   7
  68,   69,   0
  70,   71,   8
  72,   73,   7
  74,   75,   3
  76,   77,   3
  78,   79,   8
  80,   81,   9
  82,   83,   8
  84,   85,  15
  86,   87,  12
  88,   89,   4
  90,   91,  13
  92,   93,  10
  94,   95,   8
  96,   97,  15
  98,   99,   4
 100,  101,  12
 102,  103,   8
 104,  105,   2
 106,  107,   9
 108,  109,   2
 110,  111,  12
 112,  113,   2
 114,  115,   4
 116,  117,  11
 118,  119,   0
 120,  121,   2
 122,  123,   9
 124,  125,   9
 126,  127,  10
 128,  129,   7
 130,  131,   7
 132,  133,  14
 134,  135,   4
 136,  137,  11
 138,  139,   9
 140,  141,  14
 142,  143,   6
 144,  145,  13
 146,  147,  14
 148,  149,  10
 150,  151,  10
 152,  153,  10
 154,  155,  15
 156,  157,   3
 158,  159,   9
 160,  161,  10
 162,  163,  13
 164,  165,  10
 166,  167,  13
 168,  169,   7
 170,  171,  11
 172,  173,  14
 174,  175,   6
 176,  177,  10
 178,  179,   5
 180,  181,   5
 182,  183,  14
 184,  185,   8
 186,  187,   8
 188,  189,  10
 190,  191,   7
 192,  193,   7
 194,  195,  13
 196,  197,  15
 198,  199,   5
 200,  201,   2
 202,  203,  11
 204,  205,   7
 206,  207,   3
 208,  209,   1
 210,  211,   1
 212,  213,   9
 214,  215,  10
 216,  217,   4
 218,  219,  11
 220,  221,   8
 222,  223,  11
 224,  225,   9
 226,  227,  18
 228,  229,   3
 230,  231,   8
 232,  233,   2
 234,  235,   3
 236,  237,   9
 238,  239,  11
 240,  241,  14
 242,  243,  10
 244,  245,  13
 246,  247,   9
 248,  249,   1
 250,  251,   4
 252,  253,   4
 254,  255,   6
 256,  257,  10
 258,  259,  12
 260,  261,   6
 262,  263,   9
 264,  265,  17
 266,  267,  14
 268,  269,   3
 270,  271,   5
 272,  273,   9
 274,  275,  10
 276,  277,   3
 278,  279,   8
 280,  281,  12
 282,  283,   9
 284,  285,  14
 286,  287,  11
 288,  289,  11
 290,  291,   4
 292,  293,   4
 294,  295,  12
 296,  297,   4
 298,  299,   9
 300,  301,  15
 302,  303,   6
 304,  305,  16
 306,  307,  12
 308,  309,   3
 310,  311,   7
 312,  313,  17
 314,  315,   5
 316,  317,   7
 318,  319,  11
 320,  321,   3
 322,  323,  15
 324,  325,   9
 326,  327,   3
 328,  329,   9
 330,  331,   9
 332,  333,  13
 334,  335,  14
 336,  337,  11
 338,  339,   6
 340,  341,  10
 342,  343,  12
 344,  345,  10
 346,  347,  11
 348,  349,  15
 350,  351,  10
 352,  353,  15
 354,  355,   5
 356,  357,   4
 358,  359,   1
 360,  361,   5
 362,  363,  13
 364,  365,  11
 366,  367,   7
 368,  369,  12
 370,  371,  14
 372,  373,   8
 374,  375,  11
 376,  377,  12
 378,  379,   6
 380,  381,   6
 382,  383,  10
 384,  385,   9
 386,  387,  15
 388,  389,  15
 390,  391,   4
 392,  393,  11
 394,  395,   7
 396,  397,   6
 398,  399,   1
 400,  401,   8
 402,  403,   9
 404,  405,  11
 406,  407,   6
 408,  409,  10
 410,  411,   9
 412,  413,   8
 414,  415,  12
 416,  417,   6
 418,  419,  17
 420,  421,  11
 422,  423,  16
 424,  425,  12
 426,  427,   7
 428,  429,   9
 430,  431,  12
 432,  433,   5
 434,  435,   9
 436,  437,  12
 438,  439,  12
 440,  441,   9
 442,  443,   5
 444,  445,  10
 446,  447,   8
 448,  449,   8
 450,  451,   1
 452,  453,   3
 454,  455,   2
 456,  457,  10
 458,  459,   3
 460,  461,  13
 462,  463,   5
 464,  465,   6
 466,  467,   8
 468,  469,  15
 470,  471,  10
 472,  473,   2
 474,  475,   6
 476,  477,   4
 478,  479,  10
 480,  481,   9
 482,  483,  16
 484,  485,   9
 486,  487,  12
 488,  489,   6
 490,  491,   4
 492,  493,   3
 494,  495,   9
 496,  497,  12
 498,  499,  14
 500,  501,  12
 502,  503,  13
 504,  505,  12
 506,  507,   7
 508,  509,   4
 510,  511,   8
 512,  513,  10
 514,  515,   7
 516,  517,  13
 518,  519,   7
 520,  521,  16
 522,  523,  12
 524,  525,   9
 526,  527,   0
 528,  529,  17
 530,  531,   6
 532,  533,   9
 534,  535,   7
 536,  537,  11
 538,  539,   9
 540,  541,   7
 542,  543,   5
 544,  545,  13
 546,  547,   9
 548,  549,   5
 550,  551,  11
 552,  553,   2
 554,  555,   7
 556,  557,   4
 558,  559,  10
 560,  561,  10
 562,  563,   9
 564,  565,  10
 566,  567,  16
 568,  569,   6
 570,  571,  10
 572,  573,   2
 574,  575,  11
 576,  577,   4
 578,  579,  11
 580,  581,  12
 582,  583,   9
 584,  585,   6
 586,  587,   8
 588,  589,  11
 590,  591,   6
 592,  593,   7
 594,  595,  17
 596,  597,   6
 598,  599,  13
 600,  601,  18
 602,  603,   8
 604,  605,   5
 606,  607,  10
 608,  609,   8
 610,  611,  12
 612,  613,   3
 614,  615,  13
 616,  617,  11
 618,  619,   3
 620,  621,  14
 622,  623,  11
 624,  625,  12
 626,  627,  17
 628,  629,  11
 630,  631,  15
 632,  633,   7
 634,  635,  12
 636,  637,   8
 638,  639,   1
 640,  641,  16
 642,  643,   5
 644,  645,  10
 646,  647,   6
 648,  649,   7
 650,  651,   9
 652,  653,  10
 654,  655,  11
 656,  657,   2
 658,  659,   9
 660,  661,  10
 662,  663,   4
 664,  665,   8
 666,  667,   0
 668,  669,   0
 670,  671,   4
 672,  673,   8
 674,  675,   5
 676,  677,   5
 678,  679,   6
 680,  681,  10
 682,  683,  11
 684,  685,  10
 686,  687,  16
 688,  689,   2
 690,  691,   6
 692,  693,   6
 694,  695,  11
 696,  697,   6
 698,  699,   6
 700,  701,  10
 702,  703,   7
 704,  705,  17
 706,  707,  13
 708,  709,   8
 710,  711,   2
 712,  713,   2
 714,  715,   5
 716,  717,   6
 718,  719,   9
 720,  721,  14
 722,  723,  12
 724,  725,  15
 726,  727,  17
 728,  729,  11
 730,  731,  10
 732,  733,   2
 734,  735,  14
 736,  737,  14
 738,  739,   7
 740,  741,  17
 742,  743,   4
 744,  745,   9
 746,  747,   5
 748,  749,   9
 750,  751,  12
 752,  753,  10
 754,  755,  13
 756,  757,  13
 758,  759,  14
 760,  761,  11
 762,  763,  15
 764,  765,  10
 766,  767,  11
 768,  769,  13
 770,  771,  11
 772,  773,  16
 774,  775,   7
 776,  777,   8
 778,  779,   6
 780,  781,   1
 782,  783,  10
 784,  785,  14
 786,  787,   7
 788,  789,  12
 790,  791,   8
 792,  793,  17
 794,  795,  13
 796,  797,  12
 798,  799,  12
 800,  801,  11
 802,  803,  13
 804,  805,   9
 806,  807,  11
 808,  809,   4
 810,  811,   9
 812,  813,  11
 814,  815,   7
 816,  817,  14
 818,  819,   7
 820,  821,   8
 822,  823,  17
 824,  825,   7
 826,  827,  18
 828,  829,  10
 830,  831,  10
 832,  833,   6
 834,  835,   5
 836,  837,  10
 838,  839,   8
 840,  841,   9
 842,  843,   7
 844,  845,   7
 846,  847,  10
 848,  849,   4
 850,  851,   8
 852,  853,  13
 854,  855,   6
 856,  857,   6
 858,  859,   8
 860,  861,   3
 862,  863,   4
 864,  865,  17
 866,  867,   5
 868,  869,   7
 870,  871,   2
 872,  873,   2
 874,  875,   6
 876,  877,  12
 878,  879,   8
 880,  881,  13
 882,  883,  11
 884,  885,  15
 886,  887,  14
 888,  889,   7
 890,  891,   4
 892,  893,   8
 894,  895,   7
 896,  897,   8
 898,  899,  12
 900,  901,  15
 902,  903,   9
 904,  905,   8
 906,  907,   6
 908,  909,  10
 910,  911,  13
 912,  913,  13
 914,  915,   9
 916,  917,   7
 918,  919,   8
 920,  921,   6
 922,  923,  14
 924,  925,  13
 926,  927,   4
 928,  929,  16
 930,  931,  11
 932,  933,  16
 934,  935,  15
 936,  937,  11
 938,  939,   8
 940,  941,  10
 942,  943,   7
 944,  945,  10
 946,  947,   7
 948,  949,   7
 950,  951,   8
 952,  953,   3
 954,  955,  13
 956,  957,   5
 958,  959,   7
 960,  961,   6
 962,  963,  15
 964,  965,   5
 966,  967,   7
 968,  969,  14
 970,  971,  12
 972,  973,  14
 974,  975,  12
 976,  977,  14
 978,  979,   1
 980,  981,  16
 982,  983,   4
 984,  985,   5
 986,  987,  10
 988,  989,   6
 990,  991,   8
 992,  993,   4
 994,  995,  14
 996,  997,   6
 998,  999,   9
1000, 1001,   7
1002, 1003,   2
1004, 1005,  13
1006, 1007,   7
1008, 1009,  12
1010, 1011,   4
1012, 1013,   9
1014, 1015,   7
1016, 1017,   9
1018, 1019,   7
1020, 1021,   9
1022, 1023,  14
1024, 1025,  13
1026, 1027,  17
1028, 1029,   0
1030, 1031,   5
1032, 1033,   7
1034, 1035,   5
1036, 1037,  13
1038, 1039,  14
1040, 1041,   6
1042, 1043,  14
1044, 1045,   9
1046, 1047,   2
1048, 1049,   2
1050, 1051,   5
1052, 1053,   3
1054, 1055,  10
1056, 1057,  16
1058, 1059,  10
1060, 1061,  10
1062, 1063,  13
1064, 1065,   9
1066, 1067,  17
1068, 1069,   4
1070, 1071,  11
1072, 1073,  11
1074, 1075,   9
1076, 1077,   3
1078, 1079,   4
1080, 1081,   2
1082, 1083,  16
1084, 1085,   2
1086, 1087,  13
1088, 1089,  12
1090, 1091,   6
1092, 1093,   6
1094, 1095,   5
1096, 1097,   5
1098, 1099,   8
1100, 1101,  14
1102, 1103,   9
1104, 1105,  13
1106, 1107,   7
1108, 1109,   8
1110, 1111,   9
1112, 1113,  15
1114, 1115,   8
1116, 1117,  15
1118, 1119,   4
1120, 1121,  11
1122, 1123,  10
1124, 1125,   9
1126, 1127,  14
1128, 1129,   2
1130, 1131,   4
1132, 1133,   5
1134, 1135,   7
1136, 1137,   6
1138, 1139,  15
1140, 1141,  10
1142, 1143,  11
1144, 1145,   6
1146, 1147,  15
1148, 1149,   5
1150, 1151,   6
1152, 1153,   7
1154, 1155,   8
1156, 1157,  14
1158, 1159,   9
1160, 1161,  13
1162, 1163,   9
1164, 1165,   6
1166, 1167,  16
1168, 1169,   9
1170, 1171,  12
1172, 1173,  13
1174, 1175,   3
1176, 1177,  13
1178, 1179,   3
1180, 1181,   5
1182, 1183,   8
1184, 1185,   9
1186, 1187,  11
1188, 1189,   8
1190, 1191,  13
1192, 1193,   9
1194, 1195,   9
1196, 1197,   5
1198, 1199,   6
1200, 1201,   4
1202, 1203,  10
1204, 1205,  13
1206, 1207,  13
1208, 1209,   7
1210, 1211,   6
1212, 1213,   6
1214, 1215,  12
1216, 1217,  14
1218, 1219,  11
1220, 1221,  13
1222, 1223,  13
1224, 1225,  13
1226, 1227,   7
1228, 1229,  13
1230, 1231,   8
1232, 1233,   7
1234, 1235,  12
1236, 1237,  16
1238, 1239,   9
1240, 1241,   9
1242, 1243,   2
1244, 1245,   8
1246, 1247,  10
1248, 1249,   6
1250, 1251,  16
1252, 1253,   5
1254, 1255,  10
1256, 1257,  15
1258, 1259,   5
1260, 1261,   7
1262, 1263,   7
1264, 1265,   7
1266, 1267,  14
1268, 1269,   6
1270, 1271,   6
1272, 1273,  13
1274, 1275,  13
1276, 1277,   6
1278, 1279,  13
1280, 1281,  11
1282, 1283,  14
1284, 1285,  14
1286, 1287,  10
1288, 1289,  13
1290, 1291,  12
1292, 1293,  10
1294, 1295,  11
1296, 1297,  14
1298, 1299,   7
1300, 1301,   9
1302, 1303,  13
1304, 1305,   9
1306, 1307,  16
1308, 1309,  10
1310, 1311,   5
1312, 1313,   8
1314, 1315,  10
1316, 1317,  12
1318, 1319,  14
1320, 1321,   4
1322, 1323,  13
1324, 1325,  10
1326, 1327,  13
1328, 1329,  13
1330, 1331,   3
1332, 1333,  16
1334, 1335,   9
1336, 1337,   9
1338, 1339,  15
1340, 1341,   8
1342, 1343,  14
1344, 1345,  12
1346, 1347,   7
1348, 1349,   3
1350, 1351,   9
1352, 1353,  16
1354, 1355,  10
1356, 1357,   8
1358, 1359,   6
1360, 1361,  11
1362, 1363,   8
1364, 1365,  10
1366, 1367,   6
1368, 1369,   1
1370, 1371,   9
1372, 1373,   4
1374, 1375,   3
1376, 1377,   7
1378, 1379,   7
1380, 1381,  11
1382, 1383,  14
1384, 1385,  10
1386, 1387,   0
1388, 1389,  14
1390, 1391,   4
1392, 1393,  13
1394, 1395,   3
1396, 1397,  11
1398, 1399,  15
1400, 1401,  16
1402, 1403,   5
1404, 1405,   9
1406, 1407,   7
1408, 1409,   7
1410, 1411,  13
1412, 1413,  12
1414, 1415,  12
1416, 1417,  14
1418, 1419,  14
1420, 1421,  14
1422, 1423,   7
1424, 1425,   7
1426, 1427,  11
1428, 1429,   6
1430, 1431,   9
1432, 1433,   8
1434, 1435,  14
1436, 1437,  10
1438, 1439,  10
1440, 1441,  13
1442, 1443,   5
1444, 1445,   3
1446, 1447,   6
1448, 1449,   7
1450, 1451,   8
1452, 1453,   9
1454, 1455,   9
1456, 1457,  14
1458, 1459,  10
1460, 1461,   8
1462, 1463,  10
1464, 1465,  17
1466, 1467,  11
1468, 1469,   8
1470, 1471,   3
1472, 1473,   5
1474, 1475,  11
1476, 1477,   7
1478, 1479,   2
1480, 1481,  12
1482, 1483,   6
1484, 1485,  13
1486, 1487,   7
1488, 1489,   6
1490, 1491,  12
1492, 1493,   8
1494, 1495,   6
1496, 1497,   2
1498, 1499,  11
1500, 1501,   9
1502, 1503,   6
1504, 1505,  14
1506, 1507,  15
1508, 1509,   9
1510, 1511,   6
1512, 1513,   7
1514, 1515,  11
1516, 1517,   5
1518, 1519,  17
1520, 1521,   7
1522, 1523,  16
1524, 1525,  12
1526, 1527,   6
1528, 1529,   4
1530, 1531,   2
1532, 1533,   3
1534, 1535,   9
1536, 1537,  10
1538, 1539,   8
1540, 1541,  10
1542, 1543,  16
1544, 1545,   5
1546, 1547,  11
1548, 1549,   3
1550, 1551,   5
1552, 1553,  15
1554, 1555,  13
1556, 1557,  11
1558, 1559,   5
1560, 1561,  11
1562, 1563,   8
1564, 1565,  11
1566, 1567,   9
1568, 1569,  13
1570, 1571,   7
1572, 1573,   4
1574, 1575,  14
1576, 1577,   9
1578, 1579,   1
1580, 1581,   7
1582, 1583,   9
1584, 1585,  11
1586, 1587,  12
1588, 1589,  10
1590, 1591,   9
1592, 1593,  13
1594, 1595,   5
1596, 1597,   1
1598, 1599,  11
1600, 1601,   1
1602, 1603,   5
1604, 1605,   4
1606, 1607,   1
1608, 1609,   9
1610, 1611,  12
1612, 1613,  13
1614, 1615,   7
1616, 1617,  14
1618, 1619,  14
1620, 1621,  17
1622, 1623,  18
1624, 1625,   2
1626, 1627,   1
1628, 1629,   6
1630, 1631,   7
1632, 1633,  13
1634, 1635,   8
1636, 1637,  13
1638, 1639,  12
1640, 1641,   9
1642, 1643,  15
1644, 1645,   3
1646, 1647,   5
1648, 1649,   4
1650, 1651,   8
1652, 1653,  11
1654, 1655,   8
1656, 1657,  15
1658, 1659,  10
1660, 1661,   5
1662, 1663,   6
1664, 1665,   1
1666, 1667,  12
1668, 1669,   9
1670, 1671,  11
1672, 1673,  11
1674, 1675,  12
1676, 1677,   4
1678, 1679,   2
1680, 1681,   2
1682, 1683,   9
1684, 1685,  13
1686, 1687,  13
1688, 1689,   9
1690, 1691,  10
1692, 1693,   8
1694, 1695,  15
1696, 1697,   2
1698, 1699,   4
1700, 1701,   1
1702, 1703,   6
1704, 1705,   8
1706, 1707,  12
1708, 1709,   6
1710, 1711,   3
1712, 1713,   8
1714, 1715,   4
1716, 1717,   2
1718, 1719,  10
1720, 1721,  14
1722, 1723,   3
1724, 1725,   2
1726, 1727,   8
1728, 1729,   9
1730, 1731,  13
1732, 1733,  18
1734, 1735,   3
1736, 1737,  12
1738, 1739,  11
1740, 1741,  15
1742, 1743,   9
1744, 1745,  12
1746, 1747,  14
1748, 1749,  17
1750, 1751,  15
1752, 1753,   7
1754, 1755,   4
1756, 1757,  12
1758, 1759,  16
1760, 1761,  14
1762, 1763,   8
1764, 1765,   8
1766, 1767,   6
1768, 1769,   6
1770, 1771,   7
1772, 1773,  15
1774, 1775,   2
1776, 1777,  16
1778, 1779,   9
1780, 1781,  14
1782, 1783,  14
1784, 1785,  11
1786, 1787,   2
1788, 1789,  15
1790, 1791,  11
1792, 1793,  14
1794, 1795,  14
1796, 1797,   0
1798, 1799,   3
1800, 1801,   8
1802, 1803,  13
1804, 1805,  11
1806, 1807,   6
1808, 1809,   7
1810, 1811,  14
1812, 1813,   9
1814, 1815,   5
1816, 1817,   6
1818, 1819,   4
1820, 1821,  16
1822, 1823,   3
1824, 1825,  12
1826, 1827,  13
1828, 1829,   3
1830, 1831,   7
1832, 1833,  14
1834, 1835,  11
1836, 1837,   3
1838, 1839,   2
1840, 1841,   6
1842, 1843,   7
1844, 1845,  10
1846, 1847,  12
1848, 1849,  13
1850, 1851,  16
1852, 1853,  10
1854, 1855,  13
1856, 1857,   8
1858, 1859,   8
1860, 1861,   3
1862, 1863,   6
1864, 1865,   9
1866, 1867,  11
1868, 1869,   6
1870, 1871,  10
1872, 1873,  11
1874, 1875,  11
1876, 1877,   0
1878, 1879,  10
1880, 1881,   4
1882, 1883,  12
1884, 1885,  13
1886, 1887,  11
1888, 1889,   8
1890, 1891,  13
1892, 1893,  14
1894, 1895,  11
1896, 1897,   2
1898, 1899,  13
1900, 1901,  10
1902, 1903,  15
1904, 1905,   9
1906, 1907,   6
1908, 1909,   4
1910, 1911,   5
1912, 1913,  14
1914, 1915,   9
1916, 1917,   6
1918, 1919,  13
1920, 1921,   5
1922, 1923,   6
1924, 1925,  12
1926, 1927,   0
1928, 1929,   9
1930, 1931,   6
1932, 1933,  11
1934, 1935,   7
1936, 1937,  10
1938, 1939,  12
1940, 1941,  12
1942, 1943,   9
1944, 1945,   8
1946, 1947,   9
1948, 1949,  17
1950, 1951,  15
1952, 1953,   9
1954, 1955,   7
1956, 1957,   6
1958, 1959,  10
1960, 1961,  14
1962, 1963,   9
1964, 1965,  13
1966, 1967,  12
1968, 1969,   9
1970, 1971,   8
1972, 1973,   6
1974, 1975,  15
1976, 1977,   5
1978, 1979,   9
1980, 1981,   9
1982, 1983,  14
1984, 1985,  15
1986, 1987,   8
1988, 1989,   3
1990, 1991,  11
1992, 1993,   9
1994, 1995,   3
1996, 1997,  10
1998, 1999,   2
2000, 2001,  13
2002, 2003,  12
2004, 2005,   8
2006, 2007,  16
2008, 2009,   1
2010, 2011,   5
2012, 2013,   9
2014, 2015,   8
2016, 2017,  10
2018, 2019,   9
2020, 2021,   9
2022, 2023,   5
2024, 2025,  13
2026, 2027,  15
2028, 2029,   8
2030, 2031,  12
2032, 2033,  13
2034, 2035,  10
2036, 2037,   9
2038, 2039,   6
2040, 2041,  10
2042, 2043,  11
2044, 2045,   7
2046, 2047,   5
2048, 2049,  12
2050, 2051,   4
2052, 2053,   6
2054, 2055,  14
2056, 2057,  13
2058, 2059,   6
2060, 2061,  15
2062, 2063,  14
2064, 2065,   9
2066, 2067,   8
2068, 2069,  12
2070, 2071,  12
2072, 2073,   6
2074, 2075,   5
2076, 2077,  11
2078, 2079,   2
2080, 2081,   5
2082, 2083,   1
2084, 2085,   2
2086, 2087,   4
2088, 2089,   7
2090, 2091,  12
2092, 2093,   9
2094, 2095,   8
2096, 2097,  14
2098, 2099,  12
2100, 2101,   0
2102, 2103,   8
2104, 2105,   4
2106, 2107,   7
2108, 2109,  11
2110, 2111,   6
2112, 2113,   6
2114, 2115,  10
2116, 2117,  17
2118, 2119,  16
2120, 2121,   5
2122, 2123,   2
2124, 2125,  10
2126, 2127,   9
2128, 2129,   7
2130, 2131,   8
2132, 2133,  10
2134, 2135,   9
2136, 2137,  10
2138, 2139,  14
2140, 2141,  18
2142, 2143,  12
2144, 2145,   7
2146, 2147,   3
2148, 2149,   9
2150, 2151,   9
2152, 2153,  12
2154, 2155,   9
2156, 2157,  10
2158, 2159,   7
2160, 2161,   7
2162, 2163,   7
2164, 2165,   9
2166, 2167,   7
2168, 2169,  11
2170, 2171,  10
2172, 2173,  12
2174, 2175,  11
2176, 2177,   5
2178, 2179,   9
2180, 2181,   7
2182, 2183,   8
2184, 2185,   6
2186, 2187,  12
2188, 2189,   3
2190, 2191,   4
2192, 2193,   5
2194, 2195,   8
2196, 2197,   7
2198, 2199,  10
2200, 2201,   5
2202, 2203,   4
2204, 2205,   6
2206, 2207,   7
2208, 2209,   9
2210, 2211,  13
2212, 2213,  13
2214, 2215,  14
2216, 2217,  13
2218, 2219,   9
2220, 2221,  13
2222, 2223,  11
2224, 2225,   5
2226, 2227,   7
2228, 2229,  10
2230, 2231,  11
2232, 2233,   6
2234, 2235,   6
2236, 2237,  12
2238, 2239,  13
2240, 2241,   7
2242, 2243,  14
2244, 2245,   7
2246, 2247,  16
2248, 2249,  11
2250, 2251,   7
2252, 2253,   3
2254, 2255,   5
2256, 2257,   4
2258, 2259,  11
2260, 2261,   3
2262, 2263,   9
2264, 2265,  12
2266, 2267,  14
2268, 2269,   5
2270, 2271,   9
2272, 2273,   7
2274, 2275,  12
2276, 2277,   8
2278, 2279,   5
2280, 2281,   7
2282, 2283,   7
2284, 2285,  17
2286, 2287,   8
2288, 2289,   6
2290, 2291,  10
2292, 2293,  13
2294, 2295,  10
2296, 2297,  13
2298, 2299,   9
2300, 2301,   7
2302, 2303,  16
2304, 2305,   7
2306, 2307,   2
2308, 2309,   7
2310, 2311,   6
2312, 2313,  14
2314, 2315,   5
2316, 2317,   5
2318, 2319,   8
2320, 2321,  15
2322, 2323,   6
2324, 2325,   6
2326, 2327,   1
2328, 2329,  10
2330, 2331,  14
2332, 2333,   2
2334, 2335,   5
2336, 2337,   3
2338, 2339,   7
2340, 2341,   4
2342, 2343,   7
2344, 2345,  13
2346, 2347,   9
2348, 2349,  15
2350, 2351,  12
2352, 2353,   0
2354, 2355,   3
2356, 2357,   3
2358, 2359,  11
2360, 2361,   8
2362, 2363,   6
2364, 2365,  15
2366, 2367,   8
2368, 2369,  13
2370, 2371,  18
2372, 2373,   6
2374, 2375,   2
2376, 2377,   9
2378, 2379,  11
2380, 2381,  14
2382, 2383,  16
2384, 2385,  17
2386, 2387,  13
2388, 2389,  10
2390, 2391,  11
2392, 2393,   5
2394, 2395,  13
2396, 2397,   6
2398, 2399,  11
2400, 2401,  13
2402, 2403,   2
2404, 2405,   5
2406, 2407,   8
2408, 2409,   5
2410, 2411,   1
2412, 2413,  13
2414, 2415,   6
2416, 2417,  11
2418, 2419,   3
2420, 2421,  12
2422, 2423,   9
2424, 2425,  12
2426, 2427,   8
2428, 2429,   6
2430, 2431,  10
2432, 2433,   8
2434, 2435,   9
2436, 2437,   1
2438, 2439,  13
2440, 2441,   4
2442, 2443,  12
2444, 2445,  13
2446, 2447,   8
2448, 2449,   5
2450, 2451,   6
2452, 2453,  13
2454, 2455,   9
2456, 2457,   5
2458, 2459,  10
2460, 2461,  14
2462, 2463,   4
2464, 2465,  11
2466, 2467,   8
2468, 2469,   6
2470, 2471,  15
2472, 2473,   2
2474, 2475,  14
2476, 2477,  15
2478, 2479,  11
2480, 2481,   9
2482, 2483,   8
2484, 2485,   8
2486, 2487,  12
2488, 2489,  10
2490, 2491,  11
2492, 2493,   7
2494, 2495,   7
2496, 2497,   7
2498, 2499,   8
2500, 2501,   9
2502, 2503,  10
2504, 2505,   7
2506, 2507,  11
2508, 2509,  11
2510, 2511,  10
2512, 2513,   9
2514, 2515,  14
2516, 2517,   8
2518, 2519,   8
2520, 2521,  13
2522, 2523,  13
2524, 2525,   3
2526, 2527,   5
2528, 2529,   3
2530, 2531,   4
2532, 2533,   6
2534, 2535,   5
2536, 2537,   8
2538, 2539,   0
2540, 2541,  10
2542, 2543,  11
2544, 2545,  11
2546, 2547,   5
2548, 2549,   9
2550, 2551,   7
2552, 2553,  10
2554, 2555,  13
2556, 2557,   6
2558, 2559,  16
2560, 2561,   4
2562, 2563,  10
2564, 2565,   5
2566, 2567,   8
2568, 2569,   7
2570, 2571,  11
2572, 2573,   7
2574, 2575,  14
2576, 2577,  15
2578, 2579,  13
2580, 2581,   3
2582, 2583,   1
2584, 2585,   2
2586, 2587,   3
2588, 2589,  10
2590, 2591,  13
2592, 2593,  13
2594, 2595,  10
2596, 2597,   4
2598, 2599,   9
2600, 2601,  11
2602, 2603,   9
2604, 2605,   6
2606, 2607,   6
2608, 2609,  11
2610, 2611,  16
2612, 2613,  16
2614, 2615,   6
2616, 2617,   1
2618, 2619,   8
2620, 2621,   5
2622, 2623,   6
2624, 2625,   2
2626, 2627,   5
2628, 2629,   8
2630, 2631,   7
2632, 2633,  12
2634, 2635,  13
2636, 2637,  14
2638, 2639,  11
2640, 2641,  11
2642, 2643,   9
2644, 2645,   7
2646, 2647,   9
2648, 2649,  11
2650, 2651,  12
2652, 2653,  10
2654, 2655,   6
2656, 2657,  12
2658, 2659,  14
2660, 2661,   6
2662, 2663,   7
2664, 2665,   6
2666, 2667,   8
2668, 2669,  11
2670, 2671,   5
2672, 2673,  15
2674, 2675,   8
2676, 2677,  16
2678, 2679,  16
2680, 2681,  14
2682, 2683,  16
2684, 2685,  10
2686, 2687,  12
2688, 2689,   5
2690, 2691,  12
2692, 2693,   3
2694, 2695,   3
2696, 2697,  18
2698, 2699,  13
2700, 2701,   9
2702, 2703,  18
2704, 2705,  10
2706, 2707,  10
2708, 2709,   1
2710, 2711,  13
2712, 2713,  14
2714, 2715,   6
2716, 2717,   2
2718, 2719,   1
2720, 2721,   5
2722, 2723,  15
2724, 2725,   5
2726, 2727,   8
2728, 2729,   9
2730, 2731,   2
2732, 2733,   6
2734, 2735,   6
2736, 2737,   4
2738, 2739,   7
2740, 2741,   9
2742, 2743,  11
2744, 2745,   5
2746, 2747,   1
2748, 2749,   4
2750, 2751,  10
2752, 2753,  11
2754, 2755,  12
2756, 2757,  12
2758, 2759,  12
2760, 2761,  11
2762, 2763,  10
2764, 2765,   9
2766, 2767,   8
2768, 2769,  10
2770, 2771,   3
2772, 2773,   8
2774, 2775,   8
2776, 2777,   7
2778, 2779,  16
2780, 2781,  13
2782, 2783,   2
2784, 2785,   7
2786, 2787,  12
2788, 2789,   9
2790, 2791,   3
2792, 2793,  11
2794, 2795,  10
2796, 2797,  12
2798, 2799,  13
2800, 2801,   8
2802, 2803,   5
2804, 2805,  17
2806, 2807,   1
2808, 2809,   8
2810, 2811,   9
2812, 2813,   4
2814, 2815,  16
2816, 2817,   3
2818, 2819,   7
2820, 2821,  12
2822, 2823,   7
2824, 2825,   9
2826, 2827,   4
2828, 2829,  10
2830, 2831,   2
2832, 2833,  12
2834, 2835,  10
2836, 2837,  12
2838, 2839,   2
2840, 2841,  10
2842, 2843,   9
2844, 2845,  15
2846, 2847,   4
2848, 2849,  13
2850, 2851,   8
2852, 2853,   8
2854, 2855,   2
2856, 2857,   9
2858, 2859,   5
2860, 2861,  14
2862, 2863,  12
2864, 2865,   7
2866, 2867,   9
2868, 2869,  10
2870, 2871,   4
2872, 2873,   1
2874, 2875,   6
2876, 2877,   3
2878, 2879,   3
2880, 2881,  13
2882, 2883,   3
2884, 2885,  11
2886, 2887,   5
2888, 2889,   5
2890, 2891,   4
2892, 2893,   6
2894, 2895,   4
2896, 2897,   4
2898, 2899,   6
2900, 2901,  13
2902, 2903,  11
2904, 2905,   3
2906, 2907,   2
2908, 2909,   9
2910, 2911,  15
2912, 2913,  11
2914, 2915,   3
2916, 2917,   8
2918, 2919,   1
2920, 2921,   6
2922, 2923,  10
2924, 2925,  15
2926, 2927,  11
2928, 2929,  12
2930, 2931,   9
2932, 2933,   6
2934, 2935,   9
2936, 2937,   3
2938, 2939,   3
2940, 2941,  11
2942, 2943,  12
2944, 2945,   5
2946, 2947,  11
2948, 2949,  12
2950, 2951,  15
2952, 2953,   9
2954, 2955,   6
2956, 2957,  10
2958, 2959,  10
2960, 2961,   6
2962, 2963,   8
2964, 2965,   8
2966, 2967,  11
2968, 2969,  12
2970, 2971,   9
2972, 2973,  17
2974, 2975,   0
2976, 2977,   3
2978, 2979,   8
2980, 2981,  10
2982, 2983,  11
2984, 2985,  14
2986, 2987,  15
2988, 2989,  10
2990, 2991,  12
2992, 2993,  11
2994, 2995,   8
2996, 2997,   9
2998, 2999,   6
3000, 3001,   9
3002, 3003,  16
3004, 3005,   4
3006, 3007,   7
3008, 3009,  11
3010, 3011,  15
3012, 3013,   3
3014, 3015,   8
3016, 3017,   2
3018, 3019,   5
3020, 3021,   9
3022, 3023,  11
3024, 3025,   5
3026, 3027,  16
3028, 3029,  16
3030, 3031,  14
3032, 3033,  11
3034, 3035,   3
3036, 3037,  10
3038, 3039,   8
3040, 3041,   9
3042, 3043,   8
3044, 3045,  10
3046, 3047,   9
3048, 3049,   3
3050, 3051,   9
3052, 3053,  10
3054, 3055,  11
3056, 3057,   7
3058, 3059,  13
3060, 3061,  11
3062, 3063,  14
3064, 3065,   9
3066, 3067,   8
3068, 3069,  10
3070, 3071,   5
3072, 3073,  12
3074, 3075,   7
3076, 3077,  11
3078, 3079,   9
3080, 3081,   8
3082, 3083,  17
3084, 3085,  14
3086, 3087,  15
3088, 3089,  10
3090, 3091,  13
3092, 3093,  12
3094, 3095,  17
3096, 3097,  12
3098, 3099,  15
3100, 3101,   8
3102, 3103,   3
3104, 3105,  11
3106, 3107,   0
3108, 3109,   9
3110, 3111,   5
3112, 3113,   3
3114, 3115,  14
3116, 3117,  11
3118, 3119,  13
3120, 3121,  10
3122, 3123,   7
3124, 3125,   7
3126, 3127,  11
3128, 3129,   5
3130, 3131,   1
3132, 3133,   3
3134, 3135,   2
3136, 3137,  11
3138, 3139,  10
3140, 3141,  12
3142, 3143,   2
3144, 3145,   9
3146, 3147,  11
3148, 3149,   9
3150, 3151,  10
3152, 3153,  16
3154, 3155,   9
3156, 3157,   6
3158, 3159,  11
3160, 3161,   2
3162, 3163,  15
3164, 3165,  11
3166, 3167,   9
3168, 3169,  17
3170, 3171,   8
3172, 3173,  15
3174, 3175,   3
3176, 3177,   3
3178, 3179,   5
3180, 3181,   8
3182, 3183,   8
3184, 3185,   9
3186, 3187,  15
3188, 3189,  12
3190, 3191,  17
3192, 3193,  12
3194, 3195,   4
3196, 3197,   9
3198, 3199,   2
3200, 3201,   5
3202, 3203,  13
3204, 3205,  10
3206, 3207,  13
3208, 3209,   9
3210, 3211,  15
3212, 3213,   1
3214, 3215,  10
3216, 3217,   9
3218, 3219,   9
3220, 3221,   9
3222, 3223,  11
3224, 3225,  10
3226, 3227,  10
3228, 3229,  13
3230, 3231,   1
3232, 3233,  12
3234, 3235,   5
3236, 3237,   8
3238, 3239,  13
3240, 3241,   4
3242, 3243,  10
3244, 3245,   8
3246, 3247,   7
3248, 3249,   7
3250, 3251,  15
3252, 3253,  14
3254, 3255,  15
3256, 3257,  18
3258, 3259,   3
3260, 3261,   8
3262, 3263,   9
3264, 3265,  12
3266, 3267,  12
3268, 3269,   6
3270, 3271,  12
3272, 3273,   9
3274, 3275,   7
3276, 3277,  16
3278, 3279,  12
3280, 3281,  12
3282, 3283,  14
3284, 3285,  14
3286, 3287,   6
3288, 3289,  11
3290, 3291,   7
3292, 3293,  17
3294, 3295,   7
3296, 3297,  15
3298, 3299,  15
3300, 3301,   7
3302, 3303,  18
3304, 3305,   4
3306, 3307,   3
3308, 3309,   2
3310, 3311,  18
3312, 3313,   6
3314, 3315,   7
3316, 3317,  16
3318, 3319,   6
3320, 3321,   4
3322, 3323,  12
3324, 3325,  13
3326, 3327,  11
3328, 3329,   2
3330, 3331,   7
3332, 3333,   5
3334, 3335,  10
3336, 3337,   3
3338, 3339,  10
3340, 3341,   6
3342, 3343,   9
3344, 3345,   2
3346, 3347,  12
3348, 3349,  16
3350, 3351,   8
3352, 3353,  12
3354, 3355,  17
3356, 3357,   7
3358, 3359,  12
3360, 3361,   9
3362, 3363,   8
3364, 3365,  14
3366, 3367,   6
3368, 3369,   7
3370, 3371,  13
3372, 3373,   8
3374, 3375,  10
3376, 3377,   0
3378, 3379,   6
3380, 3381,   3
3382, 3383,  12
3384, 3385,  10
3386, 3387,   9
3388, 3389,  13
3390, 3391,   2
3392, 3393,   7
3394, 3395,   3
3396, 3397,   3
3398, 3399,  13
3400, 3401,   8
3402, 3403,   9
3404, 3405,  10
3406, 3407,   9
3408, 3409,   7
3410, 3411,   1
3412, 3413,   3
3414, 3415,  12
3416, 3417,   9
3418, 3419,   6
3420, 3421,  14
3422, 3423,  10
3424, 3425,  11
3426, 3427,   8
3428, 3429,   7
3430, 3431,   2
3432, 3433,  13
3434, 3435,   3
3436, 3437,   8
3438, 3439,  12
3440, 3441,   1
3442, 3443,   7
3444, 3445,   8
3446, 3447,  17
3448, 3449,  13
3450, 3451,  10
3452, 3453,   8
3454, 3455,  10
3456, 3457,   5
3458, 3459,   8
3460, 3461,   3
3462, 3463,  10
3464, 3465,  10
3466, 3467,   8
3468, 3469,   8
3470, 3471,   5
3472, 3473,   4
3474, 3475,  10
3476, 3477,  12
3478, 3479,   1
3480, 3481,  17
3482, 3483,  17
3484, 3485,  10
3486, 3487,   3
3488, 3489,   9
3490, 3491,   3
3492, 3493,   8
3494, 3495,  15
3496, 3497,  12
3498, 3499,  15
3500, 3501,  13
3502, 3503,  12
3504, 3505,  11
3506, 3507,  16
3508, 3509,  10
3510, 3511,  18
3512, 3513,  16
3514, 3515,   7
3516, 3517,   8
3518, 3519,  16
3520, 3521,   9
3522, 3523,  10
3524, 3525,  11
3526, 3527,  13
3528, 3529,   9
3530, 3531,  13
3532, 3533,  10
3534, 3535,   5
3536, 3537,   8
3538, 3539,  12
3540, 3541,   1
3542, 3543,   9
3544, 3545,  10
3546, 3547,   5
3548, 3549,   5
3550, 3551,   4
3552, 3553,   5
3554, 3555,  16
3556, 3557,   9
3558, 3559,  11
3560, 3561,   2
3562, 3563,   5
3564, 3565,   2
3566, 3567,  10
3568, 3569,   2
3570, 3571,  11
3572, 3573,  10
3574, 3575,   7
3576, 3577,   9
3578, 3579,   9
3580, 3581,  13
3582, 3583,  11
3584, 3585,   8
3586, 3587,   7
3588, 3589,  11
3590, 3591,   3
3592, 3593,   2
3594, 3595,  14
3596, 3597,   9
3598, 3599,  16
3600, 3601,  16
3602, 3603,   1
3604, 3605,   2
3606, 3607,   5
3608, 3609,   7
3610, 3611,   4
3612, 3613,   5
3614, 3615,   9
3616, 3617,  15
3618, 3619,  15
3620, 3621,  16
3622, 3623,   6
3624, 3625,   8
3626, 3627,   5
3628, 3629,   7
3630, 3631,  12
3632, 3633,   7
3634, 3635,  10
3636, 3637,  14
3638, 3639,   9
3640, 3641,  14
3642, 3643,  10
3644, 3645,  10
3646, 3647,   8
3648, 3649,  14
3650, 3651,   9
3652, 3653,  13
3654, 3655,   9
3656, 3657,  11
3658, 3659,  10
3660, 3661,   2
3662, 3663,  18
3664, 3665,  16
3666, 3667,   4
3668, 3669,   9
3670, 3671,   9
3672, 3673,   2
3674, 3675,   4
3676, 3677,   2
3678, 3679,  11
3680, 3681,   7
3682, 3683,   8
3684, 3685,   8
3686, 3687,   7
3688, 3689,  16
3690, 3691,   8
3692, 3693,   7
3694, 3695,   9
3696, 3697,  13
3698, 3699,   3
3700, 3701,  10
3702, 3703,   1
3704, 3705,  14
3706, 3707,   9
3708, 3709,   4
3710, 3711,  10
3712, 3713,   5
3714, 3715,   1
3716, 3717,  10
3718, 3719,   9
3720, 3721,   7
3722, 3723,   3
3724, 3725,   5
3726, 3727,  14
3728, 3729,   8
3730, 3731,  15
3732, 3733,   5
3734, 3735,   3
3736, 3737,  14
3738, 3739,   8
3740, 3741,   5
3742, 3743,   9
3744, 3745,  17
3746, 3747,  16
3748, 3749,   8
3750, 3751,  14
3752, 3753,   9
3754, 3755,   4
3756, 3757,   9
3758, 3759,   9
3760, 3761,  13
3762, 3763,   9
3764, 3765,   8
3766, 3767,  14
3768, 3769,  12
3770, 3771,  10
3772, 3773,  15
3774, 3775,  14
3776, 3777,   0
3778, 3779,   6
3780, 3781,  16
3782, 3783,  11
3784, 3785,  18
3786, 3787,  18
3788, 3789,  13
3790, 3791,   9
3792, 3793,  11
3794, 3795,  13
3796, 3797,  10
3798, 3799,   9
3800, 3801,   6
3802, 3803,   4
3804, 3805,  14
3806, 3807,   8
3808, 3809,   6
3810, 3811,   4
3812, 3813,   5
3814, 3815,   9
3816, 3817,  12
3818, 3819,  14
3820, 3821,  12
3822, 3823,   8
3824, 3825,  11
3826, 3827,  11
3828, 3829,   4
3830, 3831,   3
3832, 3833,   7
3834, 3835,  12
3836, 3837,   6
3838, 3839,   9
3840, 3841,  13
3842, 3843,  15
3844, 3845,  11
3846, 3847,  16
3848, 3849,   2
3850, 3851,   2
3852, 3853,  11
3854, 3855,  10
3856, 3857,  10
3858, 3859,  11
3860, 3861,  11
3862, 3863,  11
3864, 3865,  13
3866, 3867,  17
3868, 3869,  13
3870, 3871,   7
3872, 3873,  14
3874, 3875,  14
3876, 3877,   4
3878, 3879,   3
3880, 3881,   2
3882, 3883,   8
3884, 3885,   1
3886, 3887,   9
3888, 3889,   1
3890, 3891,  10
3892, 3893,  11
3894, 3895,  14
3896, 3897,   1
3898, 3899,   8
3900, 3901,   2
3902, 3903,   6
3904, 3905,  13
3906, 3907,   5
3908, 3909,  13
3910, 3911,  10
3912, 3913,  18
3914, 3915,  14
3916, 3917,   9
3918, 3919,  14
3920, 3921,   8
3922, 3923,   8
3924, 3925,  11
3926, 3927,  10
3928, 3929,   8
3930, 3931,  10
3932, 3933,  13
3934, 3935,  11
3936, 3937,   6
3938, 3939,   9
3940, 3941,  10
3942, 3943,   7
3944, 3945,   9
3946, 3947,  10
3948, 3949,  10
3950, 3951,  13
3952, 3953,   6
3954, 3955,   2
3956, 3957,   5
3958, 3959,  16
3960, 3961,  14
3962, 3963,   2
3964, 3965,   2
3966, 3967,  10
3968, 3969,  11
3970, 3971,  10
3972, 3973,   9
3974, 3975,   7
3976, 3977,  17
3978, 3979,  12
3980, 3981,   4
3982, 3983,  17
3984, 3985,  10
3986, 3987,  17
3988, 3989,   7
3990, 3991,  13
3992, 3993,  13
3994, 3995,   9
3996, 3997,   4
3998, 3999,  15
4000, 4001,  10
4002, 4003,   1
4004, 4005,   7
4006, 4007,  13
4008, 4009,   0
4010, 4011,   4
4012, 4013,   2
4014, 4015,   6
4016, 4017,   7
4018, 4019,  15
4020, 4021,  15
4022, 4023,   3
4024, 4025,  16
4026, 4027,   9
4028, 4029,   3
4030, 4031,   8
4032, 4033,  12
4034, 4035,  11
4036, 4037,  13
4038, 4039,  10
4040, 4041,  15
4042, 4043,  15
4044, 4045,   9
4046, 4047,   7
4048, 4049,   6
4050, 4051,  11
4052, 4053,  11
4054, 4055,  10
4056, 4057,  14
4058, 4059,  14
4060, 4061,  16
4062, 4063,  13
4064, 4065,  10
4066, 4067,   1
4068, 4069,   4
4070, 4071,   3
4072, 4073,   9
4074, 4075,  11
4076, 4077,  10
4078, 4079,  12
4080, 4081,   9
4082, 4083,   8
4084, 4085,  17
4086, 4087,   8
4088, 4089,   5
4090, 4091,  15
4092, 4093,  18
4094, 4095,  12
4096, 4097,   6
4098, 4099,  13
4100, 4101,  11
4102, 4103,  12
4104, 4105,   6
4106, 4107,   4
4108, 4109,   1
4110, 4111,   8
4112, 4113,  11
4114, 4115,   4
4116, 4117,  16
4118, 4119,  14
4120, 4121,   4
4122, 4123,   9
4124, 4125,  13
4126, 4127,  14
4128, 4129,   2
4130, 4131,  14
4132, 4133,   8
4134, 4135,   9
4136, 4137,   4
4138, 4139,  11
4140, 4141,   8
4142, 4143,   6
4144, 4145,   2
4146, 4147,  12
4148, 4149,   9
4150, 4151,  14
4152, 4153,   3
4154, 4155,   9
4156, 4157,   5
4158, 4159,   9
4160, 4161,  10
4162, 4163,   2
4164, 4165,   9
4166, 4167,   6
4168, 4169,   9
4170, 4171,  11
4172, 4173,  11
4174, 4175,  11
4176, 4177,  13
4178, 4179,   7
4180, 4181,   4
4182, 4183,   4
4184, 4185,   7
4186, 4187,   3
4188, 4189,  13
4190, 4191,   4
4192, 4193,   6
4194, 4195,   9
4196, 4197,   7
4198, 4199,   9
4200, 4201,   7
4202, 4203,   1
4204, 4205,   6
4206, 4207,  16
4208, 4209,  11
4210, 4211,  13
4212, 4213,  10
4214, 4215,  14
4216, 4217,   7
4218, 4219,   9
4220, 4221,   6
4222, 4223,  12
4224, 4225,   5
4226, 4227,  14
4228, 4229,  13
4230, 4231,   8
4232, 4233,   9
4234, 4235,   6
4236, 4237,   4
4238, 4239,   3
4240, 4241,   6
4242, 4243,  13
4244, 4245,   9
4246, 4247,   8
4248, 4249,   7
4250, 4251,   9
4252, 4253,  12
4254, 4255,  14
4256, 4257,   6
4258, 4259,  13
4260, 4261,  17
4262, 4263,   6
4264, 4265,   4
4266, 4267,   8
4268, 4269,   8
4270, 4271,   3
4272, 4273,  15
4274, 4275,  12
4276, 4277,  12
4278, 4279,   2
4280, 4281,  10
4282, 4283,  12
4284, 4285,   7
4286, 4287,   9
4288, 4289,   0
4290, 4291,   6
4292, 4293,   6
4294, 4295,   4
4296, 4297,  11
4298, 4299,  12
4300, 4301,   7
4302, 4303,  12
4304, 4305,  13
4306, 4307,  18
4308, 4309,  13
4310, 4311,   1
4312, 4313,  14
4314, 4315,  15
4316, 4317,   7
4318, 4319,   5
4320, 4321,   9
4322, 4323,  11
4324, 4325,   8
4326, 4327,  12
4328, 4329,  12
4330, 4331,  14
4332, 4333,   8
4334, 4335,  10
4336, 4337,  10
4338, 4339,  10
4340, 4341,   2
4342, 4343,   3
4344, 4345,   9
4346, 4347,   4
4348, 4349,  14
4350, 4351,  10
4352, 4353,  10
4354, 4355,   9
4356, 4357,   8
4358, 4359,  10
4360, 4361,  10
4362, 4363,  16
4364, 4365,  12
4366, 4367,  13
4368, 4369,  12
4370, 4371,  10
4372, 4373,  10
4374, 4375,   8
4376, 4377,  14
4378, 4379,  13
4380, 4381,  10
4382, 4383,  12
4384, 4385,  15
4386, 4387,   5
4388, 4389,   8
4390, 4391,   9
4392, 4393,  13
4394, 4395,  14
4396, 4397,  12
4398, 4399,  11
4400, 4401,   5
4402, 4403,   9
4404, 4405,   7
4406, 4407,   5
4408, 4409,  10
4410, 4411,   9
4412, 4413,   6
4414, 4415,   2
4416, 4417,   9
4418, 4419,  11
4420, 4421,   8
4422, 4423,  11
4424, 4425,  14
4426, 4427,   8
4428, 4429,   5
4430, 4431,  12
4432, 4433,  11
4434, 4435,   9
4436, 4437,   6
4438, 4439,   8
4440, 4441,   9
4442, 4443,   7
4444, 4445,   1
4446, 4447,  11
4448, 4449,  11
4450, 4451,   7
4452, 4453,   7
4454, 4455,   4
4456, 4457,  11
4458, 4459,  16
4460, 4461,   7
4462, 4463,  11
4464, 4465,   4
4466, 4467,  10
4468, 4469,  10
4470, 4471,   4
4472, 4473,  11
4474, 4475,   7
4476, 4477,   8
4478, 4479,  14
4480, 4481,  13
4482, 4483,  17
4484, 4485,   1
4486, 4487,   2
4488, 4489,   2
4490, 4491,   6
4492, 4493,   5
4494, 4495,   9
4496, 4497,   6
4498, 4499,  11
4500, 4501,   8
4502, 4503,  10
4504, 4505,   1
4506, 4507,   4
4508, 4509,   5
4510, 4511,   6
4512, 4513,   7
4514, 4515,   7
4516, 4517,  13
4518, 4519,   9
4520, 4521,  14
4522, 4523,  13
4524, 4525,   9
4526, 4527,   6
4528, 4529,  12
4530, 4531,  13
4532, 4533,   6
4534, 4535,   1
4536, 4537,  14
4538, 4539,   4
4540, 4541,   6
4542, 4543,   5
4544, 4545,  16
4546, 4547,  15
4548, 4549,  11
4550, 4551,   9
4552, 4553,   4
4554, 4555,  10
4556, 4557,   1
4558, 4559,  12
4560, 4561,   7
4562, 4563,   5
4564, 4565,   4
4566, 4567,   5
4568, 4569,  10
4570, 4571,  10
4572, 4573,  11
4574, 4575,   9
4576, 4577,   3
4578, 4579,  11
4580, 4581,  11
4582, 4583,  11
4584, 4585,   4
4586, 4587,  12
4588, 4589,   9
4590, 4591,  12
4592, 4593,  11
4594, 4595,  12
4596, 4597,   5
4598, 4599,  10
4600, 4601,  10
4602, 4603,   3
4604, 4605,  13
4606, 4607,   9
4608, 4609,   8
4610, 4611,  11
4612, 4613,  10
4614, 4615,   8
4616, 4617,   9
4618, 4619,  11
4620, 4621,  14
4622, 4623,   6
4624, 4625,   5
4626, 4627,  13
4628, 4629,   3
4630, 4631,  15
4632, 4633,   7
4634, 4635,  14
4636, 4637,  12
4638, 4639,   4
4640, 4641,  10
4642, 4643,   7
4644, 4645,   6
4646, 4647,   9
4648, 4649,   4
4650, 4651,   4
4652, 4653,   8
4654, 4655,   1
4656, 4657,   1
4658, 4659,  10
4660, 4661,  13
4662, 4663,  11
4664, 4665,   7
4666, 4667,  14
4668, 4669,  17
4670, 4671,  14
4672, 4673,  13
4674, 4675,  11
4676, 4677,   9
4678, 4679,  11
4680, 4681,  10
4682, 4683,   6
4684, 4685,   9
4686, 4687,   2
4688, 4689,   9
4690, 4691,  17
4692, 4693,  17
4694, 4695,   8
4696, 4697,   3
4698, 4699,  14
4700, 4701,  10
4702, 4703,  10
4704, 4705,  13
4706, 4707,   6
4708, 4709,   7
4710, 4711,   6
4712, 4713,   6
4714, 4715,   3
4716, 4717,   4
4718, 4719,   3
4720, 4721,  13
4722, 4723,   7
4724, 4725,  13
4726, 4727,  15
4728, 4729,   5
4730, 4731,   5
4732, 4733,   8
4734, 4735,  10
4736, 4737,   7
4738, 4739,   5
4740, 4741,   9
4742, 4743,  10
4744, 4745,   8
4746, 4747,  13
4748, 4749,   0
4750, 4751,   2
4752, 4753,   7
4754, 4755,  12
4756, 4757,   4
4758, 4759,  11
4760, 4761,  13
4762, 4763,   4
4764, 4765,   7
4766, 4767,   9
4768, 4769,  13
4770, 4771,  15
4772, 4773,   1
4774, 4775,   8
4776, 4777,   2
4778, 4779,  10
4780, 4781,   8
4782, 4783,   7
4784, 4785,  14
4786, 4787,   9
4788, 4789,  13
4790, 4791,   5
4792, 4793,   3
4794, 4795,  10
4796, 4797,  12
4798, 4799,  11
4800, 4801,  11
4802, 4803,  12
4804, 4805,   2
4806, 4807,   8
4808, 4809,  10
4810, 4811,  10
4812, 4813,   5
4814, 4815,   9
4816, 4817,  15
4818, 4819,   8
4820, 4821,   6
4822, 4823,   7
4824, 4825,  17
4826, 4827,  15
4828, 4829,  10
4830, 4831,  18
4832, 4833,  11
4834, 4835,  10
4836, 4837,   7
4838, 4839,   8
4840, 4841,  13
4842, 4843,   9
4844, 4845,  10
4846, 4847,   7
4848, 4849,   8
4850, 4851,   5
4852, 4853,   8
4854, 4855,   0
4856, 4857,   8
4858, 4859,  15
4860, 4861,   9
4862, 4863,  15
4864, 4865,   4
4866, 4867,   9
4868, 4869,  10
4870, 4871,   6
4872, 4873,   9
4874, 4875,  11
4876, 4877,  11
4878, 4879,  12
4880, 4881,   5
4882, 4883,   9
4884, 4885,   6
4886, 4887,  14
4888, 4889,   7
4890, 4891,   7
4892, 4893,   7
4894, 4895,  18
4896, 4897,  11
4898, 4899,  10
4900, 4901,  10
4902, 4903,  10
4904, 4905,  13
4906, 4907,   7
4908, 4909,  13
4910, 4911,   6
4912, 4913,  10
4914, 4915,   4
4916, 4917,  12
4918, 4919,   4
4920, 4921,   6
4922, 4923,  12
4924, 4925,   8
4926, 4927,   8
4928, 4929,  16
4930, 4931,   6
4932, 4933,  10
4934, 4935,   8
4936, 4937,  12
4938, 4939,   6
4940, 4941,  10
4942, 4943,   7
4944, 4945,   8
4946, 4947,  15
4948, 4949,  14
4950, 4951,   1
4952, 4953,   5
4954, 4955,   6
4956, 4957,   6
4958, 4959,   5
4960, 4961,   6
4962, 4963,   6
4964, 4965,  14
4966, 4967,  11
4968, 4969,  14
4970, 4971,   2
4972, 4973,  10
4974, 4975,  14
4976, 4977,   8
4978, 4979,   2
4980, 4981,   6
4982, 4983,  17
4984, 4985,   7
4986, 4987,   7
4988, 4989,  12
4990, 4991,  13
4992, 4993,   9
4994, 4995,   7
4996, 4997,   5
4998, 4999,   3
5000, 5001,  10
5002, 5003,  10
5004, 5005,   9
5006, 5007,   1
5008, 5009,  17
5010, 5011,   3
5012, 5013,   3
5014, 5015,   7
5016, 5017,  11
5018, 5019,   6
5020, 5021,   7
5022, 5023,   8
5024, 5025,  16
5026, 5027,  11
5028, 5029,  13
5030, 5031,  11
5032, 5033,   8
5034, 5035,  15
5036, 5037,   9
5038, 5039,  10
5040, 5041,   9
5042, 5043,  16
5044, 5045,  18
5046, 5047,   8
5048, 5049,   7
5050, 5051,   9
5052, 5053,   0
5054, 5055,   9
5056, 5057,  12
5058, 5059,   8
5060, 5061,  10
5062, 5063,  18
5064, 5065,   6
5066, 5067,   8
5068, 5069,  11
5070, 5071,  12
5072, 5073,   1
5074, 5075,   1
5076, 5077,   6
5078, 5079,  13
5080, 5081,   8
5082, 5083,   0
5084, 5085,  10
5086, 5087,  11
5088, 5089,  10
5090, 5091,   5
5092, 5093,  12
5094, 5095,   4
5096, 5097,   3
5098, 5099,  12
5100, 5101,  11
5102, 5103,   5
5104, 5105,   6
5106, 5107,  10
5108, 5109,   5
5110, 5111,   6
5112, 5113,  10
5114, 5115,   1
5116, 5117,  12
5118, 5119,  12
5120, 5121,   6
5122, 5123,   5
5124, 5125,  13
5126, 5127,   9
5128, 5129,   3
5130, 5131,   9
5132, 5133,   1
5134, 5135,   6
5136, 5137,  18
5138, 5139,   7
5140, 5141,  14
5142, 5143,  12
5144, 5145,   6
5146, 5147,   7
5148, 5149,   4
5150, 5151,   6
5152, 5153,   6
5154, 5155,   4
5156, 5157,   7
5158, 5159,  11
5160, 5161,  10
5162, 5163,  10
5164, 5165,  14
5166, 5167,   2
5168, 5169,   2
5170, 5171,  10
5172, 5173,  12
5174, 5175,   5
5176, 5177,   6
5178, 5179,  13
5180, 5181,  11
5182, 5183,  15
5184, 5185,  12
5186, 5187,   3
5188, 5189,   6
5190, 5191,   5
5192, 5193,   3
5194, 5195,   4
5196, 5197,   7
5198, 5199,  12
5200, 5201,  17
5202, 5203,   0
5204, 5205,   9
5206, 5207,  10
5208, 5209,  18
5210, 5211,  10
5212, 5213,  15
5214, 5215,  15
5216, 5217,   6
5218, 5219,  15
5220, 5221,   9
5222, 5223,  13
5224, 5225,  10
5226, 5227,   8
5228, 5229,   9
5230, 5231,  12
5232, 5233,  11
5234, 5235,   2
5236, 5237,   3
5238, 5239,   4
5240, 5241,   7
5242, 5243,  15
5244, 5245,   1
5246, 5247,   2
5248, 5249,   8
5250, 5251,   9
5252, 5253,  10
5254, 5255,  10
5256, 5257,   9
5258, 5259,   4
5260, 5261,  15
5262, 5263,   9
5264, 5265,  11
5266, 5267,   6
5268, 5269,   7
5270, 5271,   4
5272, 5273,   6
5274, 5275,   6
5276, 5277,  12
5278, 5279,  10
5280, 5281,  15
5282, 5283,  16
5284, 5285,   3
5286, 5287,   4
5288, 5289,   2
5290, 5291,  13
5292, 5293,   9
5294, 5295,  10
5296, 5297,  10
5298, 5299,   8
5300, 5301,   8
5302, 5303,  12
5304, 5305,   2
5306, 5307,   4
5308, 5309,  12
5310, 5311,  12
5312, 5313,  11
5314, 5315,   5
5316, 5317,   9
5318, 5319,   2
5320, 5321,   9
5322, 5323,   7
5324, 5325,  11
5326, 5327,   7
5328, 5329,   9
5330, 5331,   4
5332, 5333,  11
5334, 5335,  14
5336, 5337,   4
5338, 5339,  17
5340, 5341,   9
5342, 5343,   8
5344, 5345,   2
5346, 5347,  15
5348, 5349,  15
5350, 5351,  10
5352, 5353,   7
5354, 5355,   4
5356, 5357,   6
5358, 5359,   6
5360, 5361,  12
5362, 5363,  14
5364, 5365,  12
5366, 5367,  11
5368, 5369,   8
5370, 5371,  12
5372, 5373,   8
5374, 5375,   7
5376, 5377,  10
5378, 5379,   8
5380, 5381,   6
5382, 5383,  10
5384, 5385,  12
5386, 5387,  16
5388, 5389,  11
5390, 5391,  18
5392, 5393,   3
5394, 5395,   9
5396, 5397,   5
5398, 5399,   3
5400, 5401,   6
5402, 5403,  14
5404, 5405,  15
5406, 5407,  11
5408, 5409,  11
5410, 5411,  13
5412, 5413,   9
5414, 5415,   7
5416, 5417,  12
5418, 5419,  14
5420, 5421,   4
5422, 5423,  12
5424, 5425,   6
5426, 5427,  16
5428, 5429,   2
5430, 5431,  16
5432, 5433,   6
5434, 5435,  11
5436, 5437,   9
5438, 5439,   3
5440, 5441,  12
5442, 5443,   4
5444, 5445,   8
5446, 5447,  14
5448, 5449,   9
5450, 5451,  10
5452, 5453,  10
5454, 5455,  12
5456, 5457,  14
5458, 5459,  12
5460, 5461,   8
5462, 5463,   8
5464, 5465,   7
5466, 5467,   9
5468, 5469,   0
5470, 5471,   3
5472, 5473,  14
5474, 5475,   8
5476, 5477,   9
5478, 5479,  10
5480, 5481,   4
5482, 5483,   5
5484, 5485,   7
5486, 5487,   6
5488, 5489,   5
5490, 5491,   7
5492, 5493,  12
5494, 5495,   7
5496, 5497,  10
5498, 5499,   5
5500, 5501,  10
5502, 5503,   9
5504, 5505,   7
5506, 5507,   6
5508, 5509,   4
5510, 5511,   6
5512, 5513,   4
5514, 5515,   5
5516, 5517,   7
5518, 5519,  16
5520, 5521,   9
5522, 5523,  18
5524, 5525,   6
5526, 5527,   6
5528, 5529,   4
5530, 5531,   4
5532, 5533,  13
5534, 5535,  15
5536, 5537,  16
5538, 5539,  18
5540, 5541,   7
5542, 5543,   4
5544, 5545,  11
5546, 5547,  10
5548, 5549,  12
5550, 5551,  10
5552, 5553,   7
5554, 5555,  13
5556, 5557,  14
5558, 5559,  18
5560, 5561,   6
5562, 5563,   3
5564, 5565,  14
5566, 5567,   9
5568, 5569,  14
5570, 5571,   2
5572, 5573,  12
5574, 5575,  15
5576, 5577,  15
5578, 5579,  10
5580, 5581,   8
5582, 5583,   1
5584, 5585,   7
5586, 5587,  12
5588, 5589,  12
5590, 5591,   9
5592, 5593,  15
5594, 5595,  17
5596, 5597,  15
5598, 5599,  10
5600, 5601,   7
5602, 5603,   7
5604, 5605,   3
5606, 5607,  14
5608, 5609,   8
5610, 5611,   4
5612, 5613,   4
5614, 5615,   9
5616, 5617,   8
5618, 5619,   8
5620, 5621,   8
5622, 5623,   4
5624, 5625,  10
5626, 5627,   7
5628, 5629,  14
5630, 5631,   5
5632, 5633,  14
5634, 5635,   7
5636, 5637,   7
5638, 5639,   6
5640, 5641,   3
5642, 5643,   4
5644, 5645,  10
5646, 5647,   2
5648, 5649,   4
5650, 5651,  14
5652, 5653,  12
5654, 5655,   7
5656, 5657,   9
5658, 5659,  11
5660, 5661,  11
5662, 5663,   7
5664, 5665,   9
5666, 5667,   6
5668, 5669,  14
5670, 5671,  14
5672, 5673,  13
5674, 5675,   1
5676, 5677,   9
5678, 5679,   8
5680, 5681,   9
5682, 5683,   9
5684, 5685,  11
5686, 5687,   9
5688, 5689,   9
5690, 5691,   1
5692, 5693,   6
5694, 5695,   8
5696, 5697,   8
5698, 5699,   8
5700, 5701,  11
5702, 5703,   7
5704, 5705,  18
5706, 5707,   4
5708, 5709,   7
5710, 5711,   3
5712, 5713,   6
5714, 5715,   3
5716, 5717,  10
5718, 5719,  14
5720, 5721,  10
5722, 5723,   9
5724, 5725,  10
5726, 5727,  18
5728, 5729,   3
5730, 5731,   1
5732, 5733,   3
5734, 5735,   8
5736, 5737,   8
5738, 5739,   9
5740, 5741,  16
5742, 5743,  13
5744, 5745,  11
5746, 5747,   9
5748, 5749,   4
5750, 5751,   8
5752, 5753,   8
5754, 5755,  11
5756, 5757,   6
5758, 5759,   8
5760, 5761,   8
5762, 5763,  10
5764, 5765,  13
5766, 5767,   6
5768, 5769,  14
5770, 5771,   8
5772, 5773,   6
5774, 5775,  14
5776, 5777,   9
5778, 5779,   8
5780, 5781,  14
5782, 5783,  14
5784, 5785,   8
5786, 5787,  10
5788, 5789,   4
5790, 5791,  10
5792, 5793,   7
5794, 5795,  16
5796, 5797,  13
5798, 5799,   6
5800, 5801,   8
5802, 5803,  15
5804, 5805,  10
5806, 5807,  13
5808, 5809,   0
5810, 5811,  13
5812, 5813,   7
5814, 5815,   3
5816, 5817,  11
5818, 5819,  15
5820, 5821,  10
5822, 5823,   6
5824, 5825,   8
5826, 5827,  14
5828, 5829,  14
5830, 5831,   3
5832, 5833,   7
5834, 5835,   5
5836, 5837,  15
5838, 5839,   8
5840, 5841,   3
5842, 5843,   3
5844, 5845,   2
5846, 5847,  11
5848, 5849,  12
5850, 5851,   8
5852, 5853,  11
5854, 5855,  11
5856, 5857,  10
5858, 5859,   4
5860, 5861,  15
5862, 5863,   5
5864, 5865,  10
5866, 5867,   7
5868, 5869,  18
5870, 5871,   6
5872, 5873,  10
5874, 5875,  12
5876, 5877,   7
5878, 5879,  15
5880, 5881,   4
5882, 5883,   1
5884, 5885,   2
5886, 5887,   5
5888, 5889,   6
5890, 5891,   6
5892, 5893,  18
5894, 5895,  10
5896, 5897,  15
5898, 5899,  13
5900, 5901,  11
5902, 5903,   3
5904, 5905,   5
5906, 5907,   9
5908, 5909,   4
5910, 5911,   9
5912, 5913,  13
5914, 5915,   3
5916, 5917,  16
5918, 5919,  12
5920, 5921,   6
5922, 5923,   6
5924, 5925,  14
5926, 5927,   3
5928, 5929,   2
5930, 5931,   7
5932, 5933,   1
5934, 5935,  11
5936, 5937,  13
5938, 5939,   5
5940, 5941,  12
5942, 5943,  12
5944, 5945,   8
5946, 5947,  12
5948, 5949,  14
5950, 5951,   7
5952, 5953,   9
5954, 5955,   5
5956, 5957,   7
5958, 5959,  10
5960, 5961,   4
5962, 5963,   7
5964, 5965,  11
5966, 5967,   4
5968, 5969,  11
5970, 5971,   8
5972, 5973,  14
5974, 5975,  10
5976, 5977,  15
5978, 5979,   9
5980, 5981,   3
5982, 5983,   5
5984, 5985,   7
5986, 5987,  10
5988, 5989,   6
5990, 5991,  11
5992, 5993,  15
5994, 5995,   8
5996, 5997,  14
5998, 5999,  15
6000, 6001,   6
6002, 6003,   2
6004, 6005,   7
6006, 6007,  11
6008, 6009,   4
6010, 6011,  14
6012, 6013,   8
6014, 6015,  14
6016, 6017,  11
6018, 6019,  14
6020, 6021,   2
6022, 6023,   8
6024, 6025,  10
6026, 6027,  10
6028, 6029,  10
6030, 6031,  14
6032, 6033,   6
6034, 6035,   4
6036, 6037,  13
6038, 6039,   4
6040, 6041,  11
6042, 6043,  10
6044, 6045,   2
6046, 6047,  13
6048, 6049,   7
6050, 6051,  16
6052, 6053,   8
6054, 6055,   9
6056, 6057,   5
6058, 6059,   7
6060, 6061,  11
6062, 6063,   3
6064, 6065,   7
6066, 6067,  17
6068, 6069,   8
6070, 6071,   4
6072, 6073,  17
6074, 6075,  10
6076, 6077,   5
6078, 6079,  11
6080, 6081,   5
6082, 6083,   2
6084, 6085,  15
6086, 6087,  12
6088, 6089,  10
6090, 6091,  13
6092, 6093,  17
6094, 6095,   4
6096, 6097,   5
6098, 6099,   5
6100, 6101,  13
6102, 6103,   6
6104, 6105,   3
6106, 6107,   7
6108, 6109,   8
6110, 6111,   9
6112, 6113,   5
6114, 6115,   9
6116, 6117,   1
6118, 6119,   9
6120, 6121,  13
6122, 6123,   4
6124, 6125,   4
6126, 6127,   6
6128, 6129,  12
6130, 6131,  13
6132, 6133,   7
6134, 6135,   8
6136, 6137,   8
6138, 6139,   8
6140, 6141,  14
6142, 6143,   3
6144, 6145,  11
6146, 6147,   7
6148, 6149,  12
6150, 6151,  11
6152, 6153,  16
6154, 6155,  13
6156, 6157,  15
6158, 6159,  14
6160, 6161,   6
6162, 6163,  17
6164, 6165,  10
6166, 6167,  16
6168, 6169,   7
6170, 6171,   8
6172, 6173,   9
6174, 6175,  12
6176, 6177,  12
6178, 6179,   6
6180, 6181,   6
6182, 6183,   4
6184, 6185,   7
6186, 6187,   9
6188, 6189,   9
6190, 6191,  11
6192, 6193,   5
6194, 6195,  11
6196, 6197,   9
6198, 6199,  13
6200, 6201,  11
6202, 6203,  15
6204, 6205,  11
6206, 6207,   1
6208, 6209,   2
6210, 6211,   6
6212, 6213,   5
6214, 6215,  12
6216, 6217,   8
6218, 6219,  10
6220, 6221,  11
6222, 6223,  10
6224, 6225,  16
6226, 6227,   1
6228, 6229,   1
6230, 6231,   5
6232, 6233,   4
6234, 6235,  13
6236, 6237,  11
6238, 6239,  15
6240, 6241,  15
6242, 6243,  16
6244, 6245,   1
6246, 6247,   7
6248, 6249,   9
6250, 6251,  10
6252, 6253,   6
6254, 6255,   6
6256, 6257,  10
6258, 6259,  11
6260, 6261,  12
6262, 6263,  10
6264, 6265,  11
6266, 6267,  12
6268, 6269,   7
6270, 6271,   6
6272, 6273,  11
6274, 6275,  13
6276, 6277,   6
6278, 6279,   7
6280, 6281,  13
6282, 6283,   7
6284, 6285,  17
6286, 6287,  10
6288, 6289,  10
6290, 6291,   8
6292, 6293,   3
6294, 6295,  18
6296, 6297,   3
6298, 6299,   6
6300, 6301,  14
6302, 6303,   1
6304, 6305,  12
6306, 6307,  11
6308, 6309,   7
6310, 6311,  10
6312, 6313,  10
6314, 6315,  11
6316, 6317,   3
6318, 6319,   8
6320, 6321,   8
6322, 6323,  12
6324, 6325,   5
6326, 6327,   2
6328, 6329,   5
6330, 6331,   0
6332, 6333,   7
6334, 6335,  17
6336, 6337,   4
6338, 6339,  13
6340, 6341,   3
6342, 6343,   9
6344, 6345,  11
6346, 6347,   8
6348, 6349,   4
6350, 6351,   7
6352, 6353,  13
6354, 6355,  14
6356, 6357,   1
6358, 6359,  12
6360, 6361,   9
6362, 6363,   8
6364, 6365,   9
6366, 6367,   1
6368, 6369,  17
6370, 6371,   6
6372, 6373,   7
6374, 6375,  12
6376, 6377,  11
6378, 6379,  16
6380, 6381,   8
6382, 6383,  18
6384, 6385,   6
6386, 6387,   8
6388, 6389,  11
6390, 6391,  10
6392, 6393,  12
6394, 6395,   1
6396, 6397,  13
6398, 6399,   8
6400, 6401,   5
6402, 6403,  13
6404, 6405,  11
6406, 6407,   5
6408, 6409,   1
6410, 6411,   4
6412, 6413,   6
6414, 6415,   5
6416, 6417,  11
6418, 6419,   6
6420, 6421,   3
6422, 6423,   1
6424, 6425,   6
6426, 6427,   8
6428, 6429,   7
6430, 6431,   8
6432, 6433,  13
6434, 6435,  12
6436, 6437,   9
6438, 6439,  18
6440, 6441,   3
6442, 6443,   3
6444, 6445,   2
6446, 6447,   3
6448, 6449,   8
6450, 6451,   8
6452, 6453,  12
6454, 6455,  11
6456, 6457,  14
6458, 6459,  10
6460, 6461,   9
6462, 6463,   5
6464, 6465,   8
6466, 6467,   5
6468, 6469,   4
6470, 6471,  13
6472, 6473,  11
6474, 6475,  13
6476, 6477,  15
6478, 6479,  11
6480, 6481,   9
6482, 6483,  10
6484, 6485,  11
6486, 6487,  13
6488, 6489,   4
6490, 6491,  13
6492, 6493,  10
6494, 6495,  10
6496, 6497,   3
6498, 6499,   9
6500, 6501,   8
6502, 6503,   8
6504, 6505,   7
6506, 6507,  15
6508, 6509,  14
6510, 6511,   8
6512, 6513,  13
6514, 6515,  11
6516, 6517,   9
6518, 6519,  13
6520, 6521,  10
6522, 6523,  11
6524, 6525,  12
6526, 6527,  11
6528, 6529,  12
6530, 6531,   2
6532, 6533,  12
6534, 6535,  17
6536, 6537,   5
6538, 6539,   3
6540, 6541,   8
6542, 6543,  12
6544, 6545,  11
6546, 6547,   6
6548, 6549,   8
6550, 6551,  13
6552, 6553,  10
6554, 6555,   6
6556, 6557,   9
6558, 6559,   4
6560, 6561,   7
6562, 6563,  14
6564, 6565,  10
6566, 6567,  13
6568, 6569,   6
6570, 6571,   7
6572, 6573,  14
6574, 6575,   7
6576, 6577,  12
6578, 6579,  13
6580, 6581,  14
6582, 6583,  16
6584, 6585,   6
6586, 6587,   8
6588, 6589,  18
6590, 6591,   7
6592, 6593,   3
6594, 6595,   6
6596, 6597,  11
6598, 6599,  13
6600, 6601,  10
6602, 6603,   6
6604, 6605,  10
6606, 6607,   8
6608, 6609,   5
6610, 6611,   5
6612, 6613,   4
6614, 6615,   0
6616, 6617,   8
6618, 6619,   8
6620, 6621,  12
6622, 6623,  15
6624, 6625,  11
6626, 6627,   4
6628, 6629,   2
6630, 6631,   6
6632, 6633,   5
6634, 6635,  15
6636, 6637,   7
6638, 6639,   8
6640, 6641,  10
6642, 6643,  11
6644, 6645,   5
6646, 6647,   6
6648, 6649,   2
6650, 6651,  10
6652, 6653,   8
6654, 6655,   6
6656, 6657,  10
6658, 6659,  11
6660, 6661,  14
6662, 6663,   3
6664, 6665,   6
6666, 6667,  10
6668, 6669,  13
6670, 6671,  11
6672, 6673,  10
6674, 6675,  11
6676, 6677,   8
6678, 6679,  10
6680, 6681,   5
6682, 6683,   2
6684, 6685,   2
6686, 6687,  10
6688, 6689,  11
6690, 6691,  11
6692, 6693,  12
6694, 6695,  16
6696, 6697,  15
6698, 6699,  10
6700, 6701,   1
6702, 6703,   9
6704, 6705,   6
6706, 6707,  10
6708, 6709,   1
6710, 6711,   6
6712, 6713,  12
6714, 6715,  11
6716, 6717,  13
6718, 6719,   4
6720, 6721,  12
6722, 6723,   7
6724, 6725,   6
6726, 6727,  12
6728, 6729,  12
6730, 6731,   8
6732, 6733,  10
6734, 6735,  14
6736, 6737,   1
6738, 6739,   3
6740, 6741,  16
6742, 6743,   8
6744, 6745,   9
6746, 6747,   9
6748, 6749,   6
6750, 6751,  12
6752, 6753,  11
6754, 6755,   5
6756, 6757,   7
6758, 6759,   4
6760, 6761,  12
6762, 6763,   3
6764, 6765,  11
6766, 6767,   9
6768, 6769,   9
6770, 6771,   9
6772, 6773,   7
6774, 6775,   9
6776, 6777,  12
6778, 6779,  13
6780, 6781,   7
6782, 6783,   6
6784, 6785,   4
6786, 6787,  14
6788, 6789,  14
6790, 6791,   9
6792, 6793,   9
6794, 6795,  12
6796, 6797,  10
6798, 6799,  10
6800, 6801,  14
6802, 6803,   8
6804, 6805,   6
6806, 6807,  14
6808, 6809,  11
6810, 6811,   6
6812, 6813,  13
6814, 6815,  10
6816, 6817,  12
6818, 6819,   7
6820, 6821,  18
6822, 6823,   1
6824, 6825,  10
6826, 6827,   6
6828, 6829,  11
6830, 6831,  13
6832, 6833,   4
6834, 6835,   8
6836, 6837,  11
6838, 6839,  11
6840, 6841,   7
6842, 6843,  16
6844, 6845,  10
6846, 6847,   2
6848, 6849,  10
6850, 6851,  10
6852, 6853,  10
6854, 6855,   9
6856, 6857,   3
6858, 6859,   4
6860, 6861,   4
6862, 6863,  10
6864, 6865,   5
6866, 6867,  12
6868, 6869,  11
6870, 6871,   8
6872, 6873,  17
6874, 6875,   6
6876, 6877,   7
6878, 6879,  11
6880, 6881,   8
6882, 6883,   7
6884, 6885,   6
6886, 6887,  13
6888, 6889,  12
6890, 6891,  12
6892, 6893,  12
6894, 6895,   9
6896, 6897,  16
6898, 6899,   5
6900, 6901,   5
6902, 6903,  13
6904, 6905,  11
6906, 6907,   9
6908, 6909,  13
6910, 6911,   9
6912, 6913,   4
6914, 6915,  14
6916, 6917,   8
6918, 6919,  11
6920, 6921,   5
6922, 6923,   9
6924, 6925,   9
6926, 6927,   7
6928, 6929,   5
6930, 6931,   7
6932, 6933,   9
6934, 6935,   9
6936, 6937,   7
6938, 6939,  11
6940, 6941,  12
6942, 6943,  16
6944, 6945,   5
6946, 6947,   8
6948, 6949,   6
6950, 6951,  10
6952, 6953,  15
6954, 6955,  10
6956, 6957,  15
6958, 6959,   3
6960, 6961,   9
6962, 6963,  14
6964, 6965,  16
6966, 6967,   3
6968, 6969,   9
6970, 6971,   6
6972, 6973,   0
6974, 6975,   8
6976, 6977,   9
6978, 6979,   5
6980, 6981,  10
6982, 6983,  11
6984, 6985,   6
6986, 6987,   7
6988, 6989,   6
6990, 6991,   4
6992, 6993,  11
6994, 6995,  12
6996, 6997,   9
6998, 6999,  10
7000, 7001,  15
7002, 7003,   4
7004, 7005,   2
7006, 7007,  10
7008, 7009,  10
7010, 7011,  11
7012, 7013,   9
7014, 7015,   8
7016, 7017,  16
7018, 7019,   4
7020, 7021,   9
7022, 7023,  10
7024, 7025,   5
7026, 7027,   9
7028, 7029,   9
7030, 7031,   6
7032, 7033,  12
7034, 7035,  16
7036, 7037,   4
7038, 7039,   1
7040, 7041,   3
7042, 7043,  11
7044, 7045,   9
7046, 7047,   8
7048, 7049,  14
7050, 7051,   8
7052, 7053,   9
7054, 7055,   7
7056, 7057,  10
7058, 7059,  10
7060, 7061,  10
7062, 7063,   6
7064, 7065,   9
7066, 7067,   3
7068, 7069,  14
7070, 7071,  18
7072, 7073,   7
7074, 7075,   2
7076, 7077,  12
7078, 7079,   3
7080, 7081,   8
7082, 7083,   6
7084, 7085,   8
7086, 7087,  15
7088, 7089,   3
7090, 7091,   9
7092, 7093,   9
7094, 7095,  15
7096, 7097,   9
7098, 7099,  16
7100, 7101,  12
7102, 7103,  11
7104, 7105,   7
7106, 7107,   5
7108, 7109,  15
7110, 7111,  15
7112, 7113,  12
7114, 7115,  13
7116, 7117,   9
7118, 7119,  10
7120, 7121,  12
7122, 7123,  11
7124, 7125,  11
7126, 7127,   6
7128, 7129,   0
7130, 7131,   1
7132, 7133,   8
7134, 7135,   3
7136, 7137,  13
7138, 7139,   3
7140, 7141,  10
7142, 7143,   8
7144, 7145,   9
7146, 7147,   5
7148, 7149,  10
7150, 7151,  11
7152, 7153,   6
7154, 7155,  14
7156, 7157,  12
7158, 7159,   5
7160, 7161,   3
7162, 7163,   9
7164, 7165,   5
7166, 7167,  11
7168, 7169,   9
7170, 7171,  11
7172, 7173,  12
7174, 7175,   8
7176, 7177,   3
7178, 7179,  10
7180, 7181,   9
7182, 7183,   8
7184, 7185,   9
7186, 7187,   6
7188, 7189,   4
7190, 7191,  12
7192, 7193,   8
7194, 7195,  15
7196, 7197,   9
7198, 7199,  17
7200, 7201,  18
7202, 7203,   6
7204, 7205,   5
7206, 7207,   8
7208, 7209,  12
7210, 7211,  11
7212, 7213,  13
7214, 7215,  11
7216, 7217,  14
7218, 7219,   8
7220, 7221,   7
7222, 7223,   3
7224, 7225,   9
7226, 7227,  11
7228, 7229,  15
7230, 7231,  14
7232, 7233,  14
7234, 7235,   6
7236, 7237,   8
7238, 7239,  14
7240, 7241,  10
7242, 7243,   2
7244, 7245,  14
7246, 7247,   5
7248, 7249,   9
7250, 7251,  12
7252, 7253,  10
7254, 7255,   7
7256, 7257,  11
7258, 7259,  11
7260, 7261,   8
7262, 7263,   5
7264, 7265,  11
7266, 7267,   2
7268, 7269,  15
7270, 7271,   5
7272, 7273,   6
7274, 7275,  10
7276, 7277,  12
7278, 7279,  12
7280, 7281,   4
7282, 7283,   7
7284, 7285,  11
7286, 7287,   7
7288, 7289,   9
7290, 7291,  14
7292, 7293,   5
7294, 7295,   9
7296, 7297,  12
7298, 7299,  10
7300, 7301,  15
7302, 7303,   6
7304, 7305,   7
7306, 7307,  15
7308, 7309,  15
7310, 7311,  14
7312, 7313,  11
7314, 7315,   8
7316, 7317,   9
7318, 7319,   4
7320, 7321,  13
7322, 7323,   8
7324, 7325,   1
7326, 7327,   6
7328, 7329,  16
7330, 7331,   8
7332, 7333,   7
7334, 7335,  16
7336, 7337,   5
7338, 7339,   3
7340, 7341,  13
7342, 7343,  10
7344, 7345,   3
7346, 7347,   7
7348, 7349,   8
7350, 7351,   9
7352, 7353,   9
7354, 7355,   5
7356, 7357,  12
7358, 7359,   8
7360, 7361,   8
7362, 7363,   8
7364, 7365,   9
7366, 7367,   7
7368, 7369,   7
7370, 7371,   2
7372, 7373,   0
7374, 7375,   7
7376, 7377,  13
7378, 7379,   6
7380, 7381,  16
7382, 7383,   8
7384, 7385,  13
7386, 7387,  10
7388, 7389,  13
7390, 7391,   5
7392, 7393,   3
7394, 7395,   4
7396, 7397,   6
7398, 7399,  10
7400, 7401,  14
7402, 7403,   8
7404, 7405,   9
7406, 7407,  10
7408, 7409,   2
7410, 7411,   2
7412, 7413,   5
7414, 7415,   5
7416, 7417,  13
7418, 7419,  12
7420, 7421,   8
7422, 7423,  10
7424, 7425,   9
7426, 7427,   4
7428, 7429,   3
7430, 7431,  11
7432, 7433,   5
7434, 7435,   7
7436, 7437,  15
7438, 7439,  15
7440, 7441,   9
7442, 7443,   9
7444, 7445,  12
7446, 7447,  16
7448, 7449,  10
7450, 7451,   8
7452, 7453,  14
7454, 7455,   4
7456, 7457,  11
7458, 7459,   4
7460, 7461,  14
7462, 7463,   3
7464, 7465,   4
7466, 7467,   2
7468, 7469,  10
7470, 7471,   7
7472, 7473,   3
7474, 7475,  14
7476, 7477,  10
7478, 7479,  17
7480, 7481,  10
7482, 7483,   8
7484, 7485,   2
7486, 7487,   6
7488, 7489,  12
7490, 7491,   7
7492, 7493,  15
7494, 7495,   8
7496, 7497,   4
7498, 7499,   5
7500, 7501,   5
7502, 7503,  10
7504, 7505,  15
7506, 7507,   3
7508, 7509,  15
7510, 7511,  11
7512, 7513,  15
7514, 7515,   8
7516, 7517,  10
7518, 7519,  17
7520, 7521,   5
7522, 7523,   8
7524, 7525,   8
7526, 7527,  11
7528, 7529,  11
7530, 7531,  12
7532, 7533,   2
7534, 7535,  12
7536, 7537,   3
7538, 7539,  17
7540, 7541,  17
7542, 7543,   7
7544, 7545,  15
7546, 7547,  12
7548, 7549,   6
7550, 7551,  12
7552, 7553,   1
7554, 7555,   4
7556, 7557,   3
7558, 7559,   7
7560, 7561,   5
7562, 7563,   7
7564, 7565,  13
7566, 7567,   2
7568, 7569,  10
7570, 7571,  14
7572, 7573,   5
7574, 7575,   9
7576, 7577,   8
7578, 7579,   8
7580, 7581,  12
7582, 7583,   8
7584, 7585,   3
7586, 7587,  10
7588, 7589,   1
7590, 7591,   8
7592, 7593,  11
7594, 7595,   7
7596, 7597,   4
7598, 7599,   7
7600, 7601,   5
7602, 7603,  10
7604, 7605,  15
7606, 7607,  16
7608, 7609,   8
7610, 7611,  11
7612, 7613,   5
7614, 7615,   4
7616, 7617,  15
7618, 7619,   5
7620, 7621,  16
7622, 7623,  10
7624, 7625,   5
7626, 7627,  12
7628, 7629,   2
7630, 7631,   2
7632, 7633,   3
7634, 7635,   6
7636, 7637,  12
7638, 7639,  13
7640, 7641,  11
7642, 7643,  15
7644, 7645,  15
7646, 7647,  11
7648, 7649,   0
7650, 7651,   2
7652, 7653,   6
7654, 7655,   5
7656, 7657,   5
7658, 7659,   6
7660, 7661,   9
7662, 7663,  13
7664, 7665,   8
7666, 7667,  12
7668, 7669,   1
7670, 7671,   6
7672, 7673,   5
7674, 7675,  11
7676, 7677,  13
7678, 7679,  10
7680, 7681,  17
7682, 7683,  17
7684, 7685,   6
7686, 7687,   7
7688, 7689,   3
7690, 7691,   9
7692, 7693,   4
7694, 7695,   9
7696, 7697,   8
7698, 7699,   8
7700, 7701,   9
7702, 7703,  13
7704, 7705,  12
7706, 7707,   2
7708, 7709,   0
7710, 7711,   6
7712, 7713,  17
7714, 7715,  15
7716, 7717,   7
7718, 7719,   8
7720, 7721,   4
7722, 7723,   8
7724, 7725,  10
7726, 7727,  13
7728, 7729,   1
7730, 7731,  14
7732, 7733,  11
7734, 7735,   9
7736, 7737,   9
7738, 7739,  10
7740, 7741,  11
7742, 7743,  11
7744, 7745,   9
7746, 7747,   2
7748, 7749,   5
7750, 7751,  12
7752, 7753,   1
7754, 7755,  16
7756, 7757,  18
7758, 7759,   8
7760, 7761,   3
7762, 7763,  11
7764, 7765,   4
7766, 7767,   6
7768, 7769,  15
7770, 7771,  10
7772, 7773,  11
7774, 7775,  17
7776, 7777,  10
7778, 7779,   7
7780, 7781,   9
7782, 7783,   9
7784, 7785,   9
7786, 7787,   2
7788, 7789,   2
7790, 7791,  11
7792, 7793,  10
7794, 7795,  10
7796, 7797,  10
7798, 7799,  17
7800, 7801,   5
7802, 7803,   8
7804, 7805,  13
7806, 7807,   1
7808, 7809,  14
7810, 7811,  17
7812, 7813,   9
7814, 7815,  14
7816, 7817,   4
7818, 7819,   3
7820, 7821,   6
7822, 7823,  11
7824, 7825,  16
7826, 7827,   6
7828, 7829,   7
7830, 7831,   1
7832, 7833,   8
7834, 7835,   1
7836, 7837,   9
7838, 7839,   3
7840, 7841,   8
7842, 7843,   9
7844, 7845,  13
7846, 7847,   6
7848, 7849,  12
7850, 7851,   9
7852, 7853,  16
7854, 7855,   4
7856, 7857,   9
7858, 7859,   2
7860, 7861,   4
7862, 7863,   7
7864, 7865,   9
7866, 7867,  13
7868, 7869,  13
7870, 7871,  10
7872, 7873,  17
7874, 7875,   0
7876, 7877,   2
7878, 7879,   5
7880, 7881,   9
7882, 7883,   4
7884, 7885,  10
7886, 7887,  15
7888, 7889,  12
7890, 7891,  17
7892, 7893,   9
7894, 7895,   2
7896, 7897,   3
7898, 7899,   8
7900, 7901,  11
7902, 7903,   9
7904, 7905,   9
7906, 7907,  12
7908, 7909,  16
7910, 7911,   1
7912, 7913,   8
7914, 7915,   7
7916, 7917,   7
7918, 7919,  12
7920, 7921,   3
7922, 7923,  17
7924, 7925,   8
7926, 7927,  11
7928, 7929,  10
7930, 7931,   7
7932, 7933,   2
7934, 7935,   3
7936, 7937,  15
7938, 7939,   3
7940, 7941,  10
7942, 7943,   9
7944, 7945,   7
7946, 7947,  18
7948, 7949,   9
7950, 7951,   8
7952, 7953,  11
7954, 7955,   4
7956, 7957,  14
7958, 7959,  11
7960, 7961,   9
7962, 7963,  10
7964, 7965,   9
7966, 7967,   8
7968, 7969,   6
7970, 7971,   7
7972, 7973,   7
7974, 7975,  13
7976, 7977,  12
7978, 7979,   8
7980, 7981,   3
7982, 7983,   5
7984, 7985,   4
7986, 7987,   5
7988, 7989,  10
7990, 7991,  12
7992, 7993,   8
7994, 7995,  15
7996, 7997,   7
7998, 7999,   9
8000, 8001,   6
8002, 8003,   2
8004, 8005,  15
8006, 8007,   6
8008, 8009,  14
8010, 8011,   9
8012, 8013,   6
8014, 8015,  12
8016, 8017,   3
8018, 8019,   3
8020, 8021,   7
8022, 8023,  10
8024, 8025,   4
8026, 8027,   9
8028, 8029,   8
8030, 8031,  17
8032, 8033,   9
8034, 8035,  15
8036, 8037,  13
8038, 8039,  10
8040, 8041,   5
8042, 8043,   8
8044, 8045,  15
8046, 8047,   8
8048, 8049,  10
8050, 8051,   1
8052, 8053,   4
8054, 8055,   6
8056, 8057,  11
8058, 8059,  11
8060, 8061,  13
8062, 8063,   6
8064, 8065,   9
8066, 8067,  17
8068, 8069,  14
8070, 8071,   7
8072, 8073,  15
8074, 8075,   9
8076, 8077,   9
8078, 8079,   9
8080, 8081,   5
8082, 8083,   3
8084, 8085,  16
8086, 8087,   5
8088, 8089,   0
8090, 8091,  13
8092, 8093,   1
8094, 8095,   4
8096, 8097,   2
8098, 8099,   3
8100, 8101,  10
8102, 8103,   7
8104, 8105,  11
8106, 8107,   8
8108, 8109,   8
8110, 8111,   9
8112, 8113,   1
8114, 8115,  10
8116, 8117,   4
8118, 8119,  13
8120, 8121,   9
8122, 8123,  10
8124, 8125,   9
8126, 8127,  14
8128, 8129,   5
8130, 8131,   8
8132, 8133,  10
8134, 8135,   3
8136, 8137,  15
8138, 8139,  15
8140, 8141,  15
8142, 8143,  14
8144, 8145,  13
8146, 8147,   6
8148, 8149,  14
8150, 8151,  12
8152, 8153,   8
8154, 8155,  11
8156, 8157,   1
8158, 8159,   0
8160, 8161,   2
8162, 8163,   4
8164, 8165,  12
8166, 8167,   8
8168, 8169,  10
8170, 8171,  15
8172, 8173,   5
8174, 8175,  12
8176, 8177,   2
8178, 8179,   9
8180, 8181,   9
8182, 8183,  12
8184, 8185,   4
8186, 8187,   7
8188, 8189,   4
8190, 8191,  11
8192, 8193,   3
8194, 8195,   4
8196, 8197,  15
8198, 8199,  16
8200, 8201,   5
8202, 8203,   3
8204, 8205,   9
8206, 8207,  10
8208, 8209,   9
8210, 8211,  10
8212, 8213,  10
8214, 8215,  11
8216, 8217,  16
8218, 8219,   2
8220, 8221,  17
8222, 8223,   1
8224, 8225,  12
8226, 8227,   5
8228, 8229,   5
8230, 8231,  12
8232, 8233,   7
8234, 8235,  12
8236, 8237,  10
8238, 8239,  13
8240, 8241,   7
8242, 8243,  12
8244, 8245,  14
8246, 8247,   3
8248, 8249,   7
8250, 8251,   2
8252, 8253,   5
8254, 8255,   4
8256, 8257,   9
8258, 8259,   4
8260, 8261,   9
8262, 8263,   5
8264, 8265,   9
8266, 8267,  11
8268, 8269,  15
8270, 8271,  13
8272, 8273,   0
8274, 8275,   1
8276, 8277,  11
8278, 8279,   7
8280, 8281,  11
8282, 8283,  13
8284, 8285,   8
8286, 8287,  16
8288, 8289,   0
8290, 8291,   7
8292, 8293,   4
8294, 8295,   3
8296, 8297,   8
8298, 8299,  12
8300, 8301,  17
8302, 8303,  15
8304, 8305,   6
8306, 8307,  13
8308, 8309,   9
8310, 8311,  14
8312, 8313,  14
8314, 8315,  15
8316, 8317,  13
8318, 8319,  10
8320, 8321,  14
8322, 8323,   9
8324, 8325,  12
8326, 8327,  14
8328, 8329,  15
8330, 8331,   2
8332, 8333,   5
8334, 8335,   2
8336, 8337,  11
8338, 8339,   8
8340, 8341,  12
8342, 8343,   2
8344, 8345,  11
8346, 8347,  10
8348, 8349,   1
8350, 8351,   4
8352, 8353,  13
8354, 8355,   0
8356, 8357,  15
8358, 8359,  17
8360, 8361,  10
8362, 8363,  16
8364, 8365,  15
8366, 8367,  14
8368, 8369,   0
8370, 8371,  12
8372, 8373,   3
8374, 8375,   9
8376, 8377,  13
8378, 8379,   9
8380, 8381,   7
8382, 8383,   2
8384, 8385,   6
8386, 8387,   8
8388, 8389,   8
8390, 8391,  10
8392, 8393,  14
8394, 8395,   4
8396, 8397,  15
8398, 8399,  10
8400, 8401,  11
8402, 8403,   3
8404, 8405,  12
8406, 8407,   9
8408, 8409,  18
8410, 8411,   8
8412, 8413,   6
8414, 8415,   9
8416, 8417,  15
8418, 8419,   6
8420, 8421,  11
8422, 8423,   2
8424, 8425,  12
8426, 8427,   8
8428, 8429,   9
8430, 8431,   9
8432, 8433,  10
8434, 8435,  10
8436, 8437,  14
8438, 8439,  13
8440, 8441,  17
8442, 8443,  11
8444, 8445,   8
8446, 8447,   5
8448, 8449,   9
8450, 8451,   4
8452, 8453,   3
8454, 8455,   9
8456, 8457,   5
8458, 8459,   9
8460, 8461,   8
8462, 8463,  13
8464, 8465,   9
8466, 8467,  13
8468, 8469,   9
8470, 8471,   3
8472, 8473,   2
8474, 8475,   5
8476, 8477,  11
8478, 8479,  11
8480, 8481,   8
8482, 8483,  15
8484, 8485,  17
8486, 8487,  10
8488, 8489,   6
8490, 8491,   3
8492, 8493,  11
8494, 8495,   7
8496, 8497,  14
8498, 8499,  10
8500, 8501,  14
8502, 8503,  16
8504, 8505,   8
8506, 8507,   9
8508, 8509,   4
8510, 8511,  16
8512, 8513,   2
8514, 8515,   9
8516, 8517,  14
8518, 8519,  14
8520, 8521,  13
8522, 8523,  14
8524, 8525,  12
8526, 8527,   6
8528, 8529,   4
8530, 8531,   1
8532, 8533,   6
8534, 8535,  12
8536, 8537,  11
8538, 8539,   5
8540, 8541,   3
8542, 8543,   2
8544, 8545,   3
8546, 8547,  15
8548, 8549,  10
8550, 8551,   4
8552, 8553,   6
8554, 8555,  12
8556, 8557,  10
8558, 8559,  16
8560, 8561,  10
8562, 8563,  16
8564, 8565,   4
8566, 8567,  11
8568, 8569,   8
8570, 8571,  11
8572, 8573,   9
8574, 8575,   2
8576, 8577,  13
8578, 8579,   5
8580, 8581,  13
8582, 8583,   6
8584, 8585,  17
8586, 8587,  13
8588, 8589,   2
8590, 8591,   8
8592, 8593,  11
8594, 8595,   8
8596, 8597,  10
8598, 8599,   4
8600, 8601,  13
8602, 8603,   5
8604, 8605,  10
8606, 8607,  11
8608, 8609,  11
8610, 8611,   3
8612, 8613,   2
8614, 8615,   3
8616, 8617,   9
8618, 8619,  16
8620, 8621,  15
8622, 8623,   9
8624, 8625,   6
8626, 8627,  15
8628, 8629,  13
8630, 8631,  11
8632, 8633,   3
8634, 8635,   7
8636, 8637,  13
8638, 8639,  11
8640, 8641,  11
8642, 8643,   8
8644, 8645,  12
8646, 8647,  12
8648, 8649,   6
8650, 8651,  11
8652, 8653,   1
8654, 8655,  16
8656, 8657,   9
8658, 8659,  14
8660, 8661,   9
8662, 8663,  11
8664, 8665,   8
8666, 8667,  14
8668, 8669,  14
8670, 8671,  11
8672, 8673,   7
8674, 8675,  17
8676, 8677,   9
8678, 8679,   2
8680, 8681,   8
8682, 8683,   6
8684, 8685,   9
8686, 8687,   8
8688, 8689,   7
8690, 8691,  10
8692, 8693,   9
8694, 8695,  12
8696, 8697,  10
8698, 8699,  14
8700, 8701,  11
8702, 8703,   9
8704, 8705,   2
8706, 8707,   6
8708, 8709,   6
8710, 8711,   7
8712, 8713,  10
8714, 8715,  15
8716, 8717,  10
8718, 8719,  15
8720, 8721,  15
8722, 8723,   8
8724, 8725,   1
8726, 8727,   8
8728, 8729,   8
8730, 8731,  13
8732, 8733,  14
8734, 8735,  12
8736, 8737,  13
8738, 8739,   1
8740, 8741,   9
8742, 8743,   4
8744, 8745,  14
8746, 8747,  12
8748, 8749,   7
8750, 8751,  18
8752, 8753,  10
8754, 8755,   4
8756, 8757,   8
8758, 8759,  15
8760, 8761,   9
8762, 8763,   3
8764, 8765,  11
8766, 8767,  10
8768, 8769,   8
8770, 8771,   9
8772, 8773,   4
8774, 8775,  10
8776, 8777,  15
8778, 8779,   6
8780, 8781,   9
8782, 8783,  15
8784, 8785,  10
8786, 8787,   7
8788, 8789,   5
8790, 8791,  10
8792, 8793,   8
8794, 8795,   6
8796, 8797,  10
8798, 8799,  13
8800, 8801,  10
8802, 8803,  16
8804, 8805,  14
8806, 8807,   7
8808, 8809,   3
8810, 8811,   3
8812, 8813,   0
8814, 8815,   7
8816, 8817,   9
8818, 8819,   8
8820, 8821,   9
8822, 8823,   7
8824, 8825,   7
8826, 8827,  13
8828, 8829,  13
8830, 8831,   5
8832, 8833,   6
8834, 8835,   7
8836, 8837,  10
8838, 8839,   1
8840, 8841,   6
8842, 8843,   6
8844, 8845,   9
8846, 8847,  15
8848, 8849,  13
8850, 8851,  15
8852, 8853,   4
8854, 8855,   4
8856, 8857,   9
8858, 8859,  10
8860, 8861,  13
8862, 8863,   6
8864, 8865,   5
8866, 8867,  15
8868, 8869,  10
8870, 8871,  12
8872, 8873,   5
8874, 8875,   8
8876, 8877,   5
8878, 8879,   5
8880, 8881,   9
8882, 8883,   5
8884, 8885,   3
8886, 8887,   6
8888, 8889,  11
8890, 8891,   5
8892, 8893,  11
8894, 8895,   1
8896, 8897,   0
8898, 8899,  15
8900, 8901,   5
8902, 8903,  10
8904, 8905,   3
8906, 8907,   7
8908, 8909,  11
8910, 8911,  13
8912, 8913,   7
8914, 8915,  12
8916, 8917,   1
8918, 8919,   9
8920, 8921,  10
8922, 8923,   5
8924, 8925,   6
8926, 8927,   5
8928, 8929,  14
8930, 8931,  11
8932, 8933,   8
8934, 8935,   1
8936, 8937,   4
8938, 8939,   7
8940, 8941,   9
8942, 8943,  10
8944, 8945,   9
8946, 8947,   9
8948, 8949,  10
8950, 8951,  12
8952, 8953,  11
8954, 8955,  15
8956, 8957,   7
8958, 8959,  10
8960, 8961,   2
8962, 8963,   5
8964, 8965,  11
8966, 8967,   5
8968, 8969,   9
8970, 8971,  10
8972, 8973,   6
8974, 8975,  11
8976, 8977,   5
8978, 8979,   2
8980, 8981,  13
8982, 8983,   2
8984, 8985,   2
8986, 8987,   6
8988, 8989,   6
8990, 8991,  14
8992, 8993,   3
8994, 8995,  10
8996, 8997,   6
8998, 8999,  18
9000, 9001,  13
9002, 9003,   9
9004, 9005,   3
9006, 9007,  10
9008, 9009,  13
9010, 9011,   7
9012, 9013,   2
9014, 9015,  14
9016, 9017,   7
9018, 9019,   8
9020, 9021,  10
9022, 9023,  14
9024, 9025,  10
9026, 9027,   4
9028, 9029,   9
9030, 9031,   6
9032, 9033,   5
9034, 9035,   0
9036, 9037,   5
9038, 9039,   1
9040, 9041,  13
9042, 9043,   7
9044, 9045,   6
9046, 9047,   4
9048, 9049,   6
9050, 9051,  17
9052, 9053,  10
9054, 9055,   2
9056, 9057,   8
9058, 9059,   9
9060, 9061,  16
9062, 9063,  11
9064, 9065,   8
9066, 9067,   9
9068, 9069,   7
9070, 9071,  13
9072, 9073,   6
9074, 9075,   9
9076, 9077,  15
9078, 9079,  11
9080, 9081,  12
9082, 9083,   7
9084, 9085,   6
9086, 9087,   9
9088, 9089,  11
9090, 9091,  10
9092, 9093,   7
9094, 9095,  12
9096, 9097,  12
9098, 9099,  10
9100, 9101,   4
9102, 9103,   8
9104, 9105,   4
9106, 9107,   4
9108, 9109,   8
9110, 9111,   6
9112, 9113,  14
9114, 9115,  16
9116, 9117,  12
9118, 9119,  18
9120, 9121,   7
9122, 9123,  15
9124, 9125,  13
9126, 9127,  15
9128, 9129,  18
9130, 9131,   1
9132, 9133,  10
9134, 9135,  10
9136, 9137,   5
9138, 9139,   9
9140, 9141,   6
9142, 9143,   7
9144, 9145,  10
9146, 9147,   7
9148, 9149,   8
9150, 9151,   9
9152, 9153,  11
9154, 9155,  16
9156, 9157,  13
9158, 9159,   5
9160, 9161,   6
9162, 9163,  12
9164, 9165,  16
9166, 9167,   9
9168, 9169,   5
9170, 9171,  10
9172, 9173,   5
9174, 9175,   7
9176, 9177,  15
9178, 9179,  10
9180, 9181,   4
9182, 9183,   6
9184, 9185,  11
9186, 9187,   8
9188, 9189,  11
9190, 9191,  13
9192, 9193,   5
9194, 9195,   0
9196, 9197,   0
9198, 9199,   8
9200, 9201,  13
9202, 9203,   8
9204, 9205,   5
9206, 9207,  11
9208, 9209,   8
9210, 9211,   8
9212, 9213,  10
9214, 9215,   7
9216, 9217,  10
9218, 9219,  10
9220, 9221,   9
9222, 9223,   7
9224, 9225,  16
9226, 9227,   4
9228, 9229,  14
9230, 9231,   5
9232, 9233,  11
9234, 9235,  15
9236, 9237,  11
9238, 9239,  15
9240, 9241,   9
9242, 9243,   9
9244, 9245,  10
9246, 9247,  11
9248, 9249,   4
9250, 9251,   9
9252, 9253,   5
9254, 9255,   9
9256, 9257,   1
9258, 9259,   7
9260, 9261,   6
9262, 9263,  13
9264, 9265,  10
9266, 9267,   9
9268, 9269,   3
9270, 9271,   9
9272, 9273,  10
9274, 9275,  16
9276, 9277,   8
9278, 9279,   6
9280, 9281,  12
9282, 9283,  11
9284, 9285,  10
9286, 9287,   7
9288, 9289,   4
9290, 9291,  14
9292, 9293,   4
9294, 9295,   9
9296, 9297,   0
9298, 9299,   2
9300, 9301,   5
9302, 9303,   6
9304, 9305,  15
9306, 9307,  16
9308, 9309,  17
9310, 9311,   9
9312, 9313,   1
9314, 9315,   9
9316, 9317,   8
9318, 9319,   5
9320, 9321,   9
9322, 9323,   5
9324, 9325,   9
9326, 9327,  12
9328, 9329,   5
9330, 9331,   6
9332, 9333,   3
9334, 9335,  11
9336, 9337,   9
9338, 9339,  11
9340, 9341,  11
9342, 9343,   7
9344, 9345,  13
9346, 9347,  18
9348, 9349,  12
9350, 9351,   8
9352, 9353,   9
9354, 9355,   4
9356, 9357,  16
9358, 9359,  16
9360, 9361,  10
9362, 9363,   7
9364, 9365,   9
9366, 9367,  10
9368, 9369,  13
9370, 9371,   6
9372, 9373,  16
9374, 9375,   6
9376, 9377,   7
9378, 9379,   7
9380, 9381,   8
9382, 9383,   9
9384, 9385,   9
9386, 9387,   8
9388, 9389,  10
9390, 9391,  13
9392, 9393,   5
9394, 9395,  16
9396, 9397,   7
9398, 9399,   3
9400, 9401,   6
9402, 9403,   3
9404, 9405,   7
9406, 9407,   9
9408, 9409,  14
9410, 9411,   7
9412, 9413,   6
9414, 9415,   6
9416, 9417,  13
9418, 9419,   8
9420, 9421,   9
9422, 9423,   1
9424, 9425,  12
9426, 9427,  10
9428, 9429,  16
9430, 9431,   5
9432, 9433,  14
9434, 9435,   7
9436, 9437,  13
9438, 9439,   6
9440, 9441,   0
9442, 9443,   7
9444, 9445,  14
9446, 9447,  15
9448, 9449,  11
9450, 9451,   5
9452, 9453,   1
9454, 9455,   7
9456, 9457,   1
9458, 9459,   0
9460, 9461,  10
9462, 9463,   5
9464, 9465,   9
9466, 9467,  10
9468, 9469,  15
9470, 9471,   9
9472, 9473,   2
9474, 9475,   7
9476, 9477,   2
9478, 9479,   2
9480, 9481,  10
9482, 9483,  12
9484, 9485,   2
9486, 9487,   7
9488, 9489,   4
9490, 9491,  11
9492, 9493,   5
9494, 9495,  12
9496, 9497,  10
9498, 9499,  14
9500, 9501,  14
9502, 9503,  16
9504, 9505,   9
9506, 9507,   1
9508, 9509,   4
9510, 9511,  10
9512, 9513,  10
9514, 9515,  10
9516, 9517,   9
9518, 9519,   9
9520, 9521,  11
9522, 9523,   7
9524, 9525,   1
9526, 9527,   8
9528, 9529,  11
9530, 9531,   5
9532, 9533,  15
9534, 9535,  13
9536, 9537,  12
9538, 9539,  12
9540, 9541,   5
9542, 9543,  10
9544, 9545,   7
9546, 9547,   6
9548, 9549,  14
9550, 9551,   8
9552, 9553,   3
9554, 9555,  17
9556, 9557,  14
9558, 9559,  12
9560, 9561,  10
9562, 9563,   2
9564, 9565,  13
9566, 9567,  12
9568, 9569,   7
9570, 9571,   8
9572, 9573,   6
9574, 9575,   8
9576, 9577,  12
9578, 9579,   6
9580, 9581,  11
9582, 9583,   9
9584, 9585,   5
9586, 9587,   9
9588, 9589,  12
9590, 9591,   9
9592, 9593,   9
9594, 9595,  12
9596, 9597,  10
9598, 9599,   8
9600, 9601,  10
9602, 9603,  10
9604, 9605,   7
9606, 9607,  12
9608, 9609,   9
9610, 9611,  11
9612, 9613,  12
9614, 9615,  10
9616, 9617,   4
9618, 9619,   7
9620, 9621,   6
9622, 9623,   4
9624, 9625,   5
9626, 9627,   6
9628, 9629,   7
9630, 9631,  18
9632, 9633,  13
9634, 9635,  10
9636, 9637,   6
9638, 9639,   6
9640, 9641,  16
9642, 9643,  10
9644, 9645,  13
9646, 9647,  10
9648, 9649,   9
9650, 9651,  16
9652, 9653,   6
9654, 9655,  18
9656, 9657,  14
9658, 9659,   8
9660, 9661,  15
9662, 9663,   9
9664, 9665,  10
9666, 9667,   4
9668, 9669,   9
9670, 9671,   3
9672, 9673,  11
9674, 9675,   1
9676, 9677,   7
9678, 9679,   4
9680, 9681,  10
9682, 9683,  11
9684, 9685,   8
9686, 9687,   8
9688, 9689,   2
9690, 9691,   5
9692, 9693,   7
9694, 9695,   8
9696, 9697,   4
9698, 9699,   0
9700, 9701,  10
9702, 9703,   6
9704, 9705,   5
9706, 9707,   3
9708, 9709,  13
9710, 9711,   7
9712, 9713,  11
9714, 9715,   6
9716, 9717,   7
9718, 9719,  10
9720, 9721,   2
9722, 9723,   8
9724, 9725,   9
9726, 9727,  10
9728, 9729,  18
9730, 9731,  12
9732, 9733,   8
9734, 9735,   2
9736, 9737,   4
9738, 9739,   8
9740, 9741,  11
9742, 9743,   5
9744, 9745,   6
9746, 9747,  11
9748, 9749,  10
9750, 9751,   9
9752, 9753,   9
9754, 9755,  10
9756, 9757,   4
9758, 9759,  12
9760, 9761,  10
9762, 9763,  13
9764, 9765,  14
9766, 9767,  10
9768, 9769,  15
9770, 9771,  14
9772, 9773,   2
9774, 9775,   8
9776, 9777,   4
9778, 9779,   6
9780, 9781,   6
9782, 9783,  13
9784, 9785,  15
9786, 9787,  10
9788, 9789,  15
9790, 9791,   9
9792, 9793,  15
9794, 9795,  12
9796, 9797,   4
9798, 9799,  14
9800, 9801,  10
9802, 9803,   7
9804, 9805,   9
9806, 9807,   5
9808, 9809,   8
9810, 9811,  17
9812, 9813,   9
9814, 9815,   6
9816, 9817,  15
9818, 9819,   8
9820, 9821,   4
9822, 9823,   0
9824, 9825,  14
9826, 9827,  11
9828, 9829,   9
9830, 9831,   9
9832, 9833,  15
9834, 9835,   9
9836, 9837,   3
9838, 9839,  17
9840, 9841,   2
9842, 9843,   8
9844, 9845,  13
9846, 9847,  17
9848, 9849,   8
9850, 9851,   5
9852, 9853,  10
9854, 9855,   9
9856, 9857,   1
9858, 9859,  10
9860, 9861,  14
9862, 9863,   8
9864, 9865,   3
9866, 9867,  12
9868, 9869,   3
9870, 9871,  12
9872, 9873,  14
9874, 9875,   1
9876, 9877,   9
9878, 9879,  10
9880, 9881,   4
9882, 9883,  11
9884, 9885,   8
9886, 9887,  11
9888, 9889,  16
9890, 9891,   2
9892, 9893,  15
9894, 9895,   3
9896, 9897,  11
9898, 9899,  10
9900, 9901,  15
9902, 9903,   2
9904, 9905,  10
9906, 9907,   2
9908, 9909,  13
9910, 9911,   8
9912, 9913,   5
9914, 9915,   3
9916, 9917,   9
9918, 9919,  13
9920, 9921,  10
9922, 9923,   2
9924, 9925,  16
9926, 9927,  13
9928, 9929,  12
9930, 9931,   5
9932, 9933,  12
9934, 9935,   8
9936, 9937,  16
9938, 9939,  11
9940, 9941,  13
9942, 9943,   7
9944, 9945,  13
9946, 9947,  11
9948, 9949,  17
9950, 9951,  14
9952, 9953,  11
9954, 9955,  14
9956, 9957,  12
9958, 9959,   8
9960, 9961,   7
9962, 9963,   2
9964, 9965,   2
9966, 9967,   6
9968, 9969,  18
9970, 9971,   8
9972, 9973,   3
9974, 9975,   4
9976, 9977,   7
9978, 9979,   2
9980, 9981,   5
9982, 9983,   8
9984, 9985,   4
9986, 9987,   1
9988, 9989,   9
9990, 9991,  10
9992, 9993,  11
9994, 9995,   5
9996, 9997,  14
9998, 9999,  16
